,text
0,This clip from Australian news sums up the scale of the persecution of #Uyghurs
1,"Thank you for speaking for #Uyghurs too. 
#standwithozil"
2,"The #UNHRC should think about the children of the #Uyghurs, kept away from their parents. China keeps 3 million Uighurs in concentration camps. China is now part of the UNHRC, which is totally outrageous. China is committing genocide against several minorities. #Europe #UN75"
3,"When will you see Uyghurs? #HearUyghurs ? Feel Uyghurs? Read replies of Uyghurs on the voice of 
@MesutOzil1088
 ? When will you see the footage of of #UyghurGenocide? Imagine the pain of #Uyghurs? When???!!!!! When will your thoughts will be with Uyghurs??????"
4,Nigeria 
5,"4 #Uyghurs deported to #China by #Indonesia. 

The #Indonesian government needs to be held accountable.

Do your bit and share this message  by hash-tagging #IndonesiaStopDeportingUyghurs

Source:"
6,"You're right; it SHOULD be about unity and diversity! So why is it that the 2022 Olympics are being held in a country that's actively committing genocide against the #Uyghurs, and violating the rights of the #Tibetans, #SouthernMongolians and #Hongkongers?"
7,"The Olympics are about unity and diversity, not politics and profit. Boycotts don't work. By Thomas Bach https://theguardian.com/sport/2020/oct/24/the-olympics-are-about-diversity-and-unity-not-politics-and-profit-boycotts-dont-work-thomas-bach?CMP=share_btn_tw‚Ä¶"
8," ""Today in review #Tiananmen #Uyghurs"" published by 
@ADHRRF_English"
9,"What is #AdolfErdogan's problem with Kurds and 
ing, and paying mercenaries to kill innocents, and trying to reestablish the Ottoman Empire? He needs treatment. 

And he speaks for 
? Why isn't he helping #Uyghurs? 
@trpresidency
 @starrcongress
 @ShehabAgencyEn
 #Chinasbitch"
10,"We all know 
@EmmanuelMacron
 cares more about #Muslims than 
@trpresidency
 #Erdogan, who is a sell out to his religion and people #Uyghurs #UyghurGenocide #Xitler #Merkel 
@vonderleyen
 @eucopresident"
11,France is recalling its ambassador in Ankara after Turkish President Erdogan criticized Macron‚Äôs policy toward Islam and said the French president needed ‚Äúmental treatment‚Äù https://trib.al/uxLfj04
12,Don't you see #Uyghurs !?!?!?
13,"Manual citations taking too long to gather, sort and format? Run multiple automated workflows, and begin to power your work with EndNote."
14,"#AMBAZONIA, #CONGO, #NIGERIA, #SOMALIA, #WESTPAPUA, #BOLIVIA, #CHILE, #HK, #ROHINGYA, #UYGHURS, #KURDISH, #WOMAN, #CHILDREN, #INDIGENOUS, #CLIMATECHANGE, #CATALONIA, and all that cause or groups of people that need help to defend themselves from tyranny, wherever they are. "
15,"Join us on Monday - 
@TomTugendhat
 @MahmutRahima
 and 
@KwongGlacier
 - to discuss #China, #Uyghurs, #HongKong and freedom "
16,[Webinar] Benedict Rogers will be speaking about Hong Kong and the fight for freedom at a webinar hosted by Cardiff University Conservative Society on Monday 26 Oct. To register: https://bit.ly/3krY55h
17,"4 #Uyghurs deported to #China by #Indonesia. 

The #Indonesian government needs to be held accountable.

Do your bit and share this message  by hash-tagging #IndonesiaStopDeportingUyghurs

Source: https://rfa.org/english/news/uyghur/deports-10232020190325.html‚Ä¶"
18,Make #Uyghurs / #EastTurkistan Independent / Free Again!
19,"#Uyghurs aren't Chinese & not related toChina in anything, so Chinese forces are foreign & illegal in #EastTurkistan becauseChina is an invader, so #EastTurkistani people don't accept & recognize #ChineseRegime, so China's all acts in #EastTurkistan are #illegal.Let's defeatChina"
20,"Well. How about you follow 
@MesutOzil1088
 and shows your support for the #Uyghurs who been detained in the #ConcentrationCamps in China?
#China_kill_muslims
#ChiNazi
#ConcentrationCamps 
#UyghurGenocide"
21,"Earlier this week, #MesutOzil was left out of Arsenal's roster. I hope that criticizing #China isn't the reason why, but it wouldn't surprise me if that was the case. #Xinjiang #MuslimsinChina #Uyghurs #Arsenal #PremierLeague #Internmentcamps #Football"
22,"It's great that Arsenal speaks up for people facing #PoliceBrutalityInNigeria ,but even better if it can also say a word about #Uyghurs, instead of suppressing players supporting Uyghurs"
23,"From Cultural Revolution, Tiananmen Sq, Organ harvest, HK Extradition Bill, suppress dissents: #Tibetans, #Uyghurs, #HKgers, it‚Äôs own civilians, etc.  #CCP has proven to all nations that this is an authoritarian regime! Yet, many are not stepping up!"
24,Happy to see US and Europe is cooperating on China issue
25,How about the millions of #Uyghurs being genocide?
26,"Henry VIII didn't execute his first wife, Catherine of Aragon, but that doesn't mean she met a peaceful death. As doctors prepared her body for burial, they made an utterly disturbing discovery."
27,Nobel laureate Mo Yan's #Uighur translator Abduqadir J√ºme is among the more than a million #Uyghurs that #China has sent to internment camps & forced labor.
28,"As a translator of authors like Mo Yan, Abduqadir J√ºme was a bridge between Chinese & Uyghur cultures. Some of his translations were commissioned by the Chinese government.

Now that govt has sent Abduqadir and over a million other Uyghurs to internment camps & forced labor.

2/4"
29,And #Uyghurs too.
30,"When will 
@Arsenal
 join 
@MesutOzil1088
 in speaking up for the millions of #Uyghurs victims of genocide in #China? #StandUpAgainstGenocide"
31,Merci for #standwithhongkong against #China national socialism (China Nazi). #Chinazi persecutes #HKProtesters & uses #ConcentrationCamps against #Uyghurs. #save12hkyouths #MagnitskyAct please!
32,"That‚Äôs great. Then how about those #Uyghurs . You see them . You hear them . You feel them. But you haven‚Äôt voiced out for them and kowtow to the abusers .
As a man, he must be loyal to his heart, bravely voice out for any unfair and inhumanity. Do you agree?"
33,"Ming Pao reports Kashgar is under lockdown due to suspected spread of covid, per call with the local epidemic control agency"
34,"Call on the Chinese government to stop its campaign targeting #Uyghurs, Kazakhs and other predominantly Muslim groups inside and outside China. Act now with 
@AmnestyNow
: https://takeaction.amnesty.ca/page/56653/action/1?locale=en-US&utm_source=twitter&utm_medium=postaction&ea.tracking.id=postaction_twitter‚Ä¶"
35,"We live on the planet where 76 mln #Tamils, 27 mln #Sikhs, 15 mln #Uyghurs, 12 mln #Zulu and 8.5 mln #Catalans do not have their own state and where 130k #Armenians want to self-determine again and establish a second state. #StopArmenianAggression #Karabakh #Azerbaijan 
@SecPompeo"
36,"Attention #Chicago:

There will be a protest held in support of the Uyghur Muslims. This will be the first of many to come.

Date: Saturday, October 24th
Time: 11:30 AM
Address: 1 E Erie Street, Chicago IL, 60611 (Outside the Chinese Embassy

#Uyghurs"
37,Hundreds of thousands of #Uyghurs are being transferred to inner #China cities as slave-laborers. The #MadeInChina you buy could be something made by these #Uighurs laborers.
38,"#China is engaged in ùóöùóòùó°ùó¢ùóñùóúùóóùóò against #Uyghurs, has crushed freedom in #HongKong
, and is threatening to destroy the sovereign nation of #Taiwan
.
@JoeBiden
‚Äôs buddy, with his own suspicious Chinese connections, says what?"
39,"Climate change is the most urgent national & international security threat we face. 

Rising sea levels, carbon emissions, higher temperatures, & extreme weather patterns will have devastating political, economic, social, & health effects on all.

Biden gets it; Trump doesn‚Äôt."
40,"Because that‚Äôs the only thing left that #China can frame #Uyghurs of ...

So much kudos for ppl‚Äôs wisdom when it comes to #China‚Äôs uninterrupted lies & propaganda ..."
41,"Police in Poksam County (Kashgar) reveal the extent of the ""terrorist"" threat. In addition to knives (yes, deadly but also a symbol of Uyghur culture), the security force found slingshots, flashlights, and a rusty guandao ÂÖ≥ÂàÄ--warn families of detainees are potential threats 1/"
42,"A fantastic thread by 
@LindsAKennedy
 detailing the evidence we seen of Uyghur oppression while reporting throughout Xinjiang. 

We don't know how many of the faces in these photographs are still alive or free today. 

#Xinjiang #UyghurGenocide #UyghurLivesMatter #Uyghurs"
43,"It's exactly 4 years since @NathanPSouthern and I travelled to #Xinjiang to report on #China's treatment of the #Uyghurs. This was before 1 million people were forced into internment camps, but there were already plenty of signs things were heading in that direction (a thread)."
44,"#BoycottChinaCCP #BoycottChinesProducts made by #Uyghurs slave labor in concentration camps in Xinjiang, China.
#UyghursLivesMatter #UyghursGenocide
#FreeHongKong, too! "
45,"3/3 My opinion: A person's right to live peacefully and practice any faith they choose is a human right. The govs of China and Myanmar (#Rohingya) are systematically suppressing Muslim lives.
 #Ozil #UighurGenocide #Uyghurs #Uighurs #UighurLivesMatter"
46,"Muslim's prayers are with the #Uyghurs.

#MuslimBrotherhood"
47,"‚ÄúYou don‚Äôt know how he died; you don‚Äôt know when he died. And you can‚Äôt even kiss him for one last time.‚Äù
These are the words of Uyghur poet Fatimah Abdulghafur. Fatimah lives in Australia. In September 2020 she learned of the death of her father ... https://thediplomat.com/2020/10/chinas-barbarity-toward-uyghur-families-should-shock-our-consciousness-and-spur-action/?fbclid=IwAR1OK0YfizC2rFAad0QC_eKVpVrk5dDOwTnYgy5L6_SUYf74edWS6xw1glI‚Ä¶"
48,"""..the elements of genocide laid out in the convention on the prevention of genocide are being met in the #Chinese regime‚Äôs actions.  The ideology and methods that are being used to carry out genocide will not stop with the #Uyghurs.""-
@RushanAbbas
 w/
@BrianKarem
 & 
@GlobalStratView"
49,"A fantastic thread by 
@LindsAKennedy
 on our trip reporting from Xinjiang looking at the looming genocide of the ethnic Uyghur population. #Xinjiang #UyghurGenocide #UyghurLivesMatter #Uyghurs"
50,"""...if international community does not condemn #HumanRights
 abuses in #Xinjiang...#China, a precedent will be set, and these methods will be adopted by other regimes.

Complacency...lack of access...free #press...silencing and harassment of #Uyghurs living abroad."""
51,The #Canadian parliament‚Äôs Subcomm on Int‚Äôl Human Rights concluded China's systematic persecution of #Uyghurs & other Muslims constitutes genocide. The U.S. & @StateDept should make a formal determination whether the crimes in Xinjiang constitute genocide. https://ourcommons.ca/DocumentViewer/en/43-2/SDIR/news-release/10903199‚Ä¶
52,"Thank you Ozil for speaking up for the #Uyghurs and #StandWithUyhurs.
#FreeUyghurs"
53,"Solidarity with Ozil and #Uyghurs 
#StandwithUyghurs"
54,"STATEMENT BY THE SUBCOMMITTEE ON INTERNATIONAL HUMAN RIGHTS CONCERNING THE HUMAN RIGHTS SITUATION OF #UYGHURS AND OTHER TURKIC MUSLIMS IN XINJIANG, #CHINA
https://ourcommons.ca/DocumentViewer/en/43-2/SDIR/news-release/10903199‚Ä¶"
55,"Statement by the Subcommittee on International human rights concerning the human rights situation of Uyghurs and other Turkic Muslims in Xinjiang, China.

#Uyghurs #UyghurGenocide #UyghurLivesMatter 
@UyghurCongress
 @CUyghurs
 @RushanAbbas
 @UyghurProject
 @UyghurBulletin"
56,"STATEMENT BY THE SUBCOMMITTEE ON INTERNATIONAL HUMAN RIGHTS CONCERNING THE HUMAN RIGHTS SITUATION OF #UYGHURS AND OTHER TURKIC MUSLIMS IN XINJIANG, #CHINA"
57,"""Imagine not knowing the whereabouts and condition of your parents, children, brothers, sisters. For many #Uyghurs abroad, that is the daily reality."""
58,"Thank you speaking up for the #Uyghurs. It is totally unacceptable to be treated like that, when you speak up for your brothers and sisters. It is sad to see that Arsenal is just licking China‚Äôs Ass, neglecting the fact that millions of uyghurs are suffering."
59,Actions are urgently needed to save #Uyghurs !
60,"Ban #Mongolians from learning their language and culture in schools in Inner #Mongolia, but they are allowed to learn how to dance. So when the #CCP start locking them up they can go on #twitter to show you how happy they are. Just like the #Uyghurs 
#China's #EthnicCleansing"
61,IKR? Like the #Uyghurs matter. And they‚Äôre #Muslims so no big deal. Disposable and a forgotten people. #UyghurGenocide
62,"Yes, indeed, because, there is no news coming out of #CCPChina about #ConcentrationCamps, I am forced to follow #Uyghurs for the news and can confirm that persecution of #Uyghurs is happening as we speak and Also can see few #Wumaos supporting it."
63,"Communist China has stripped away the human rights of the people of #HongKong & established concentration camps to imprison, torture & enslave #Uyghurs.
 
RT 
 if you agree the IOC should move the 2022 
@Olympics
 out of Beijing and join us in standing up for human rights."
64,"quoteÔºöIn his new album scheduled for November 6th, 
@Medinrecords
 will highlight the current situation of #Uyghurs in #China.

#UyghurGenocide #ConcentrationCamps #NeverAgain #EastTurkistan #Xinjiang #FreeOuighours #franceforuyghur

#Twitter #‰∏çËÆìÁõ¥Êé•ËΩâÊé® "
65,"In his new album scheduled for November 6th, @Medinrecords will highlight the current situation of #Uyghurs in #China.

#UyghurGenocide #ConcentrationCamps #NeverAgain #EastTurkistan #Xinjiang #FreeOuighours #franceforuyghur twitter.com/Medinrecords/s‚Ä¶"
66,"It's exactly 4 years since 
@NathanPSouthern
 and I travelled to #Xinjiang to report on #China's treatment of the #Uyghurs. This was before 1 million people were forced into internment camps, but there were already plenty of signs things were heading in that direction (a thread)."
67,"quoteÔºöThe #Canadian parliament‚Äôs Subcomm on Int‚Äôl Human Rights concluded China's systematic persecution of #Uyghurs & other Muslims constitutes genocide. The U.S. & 
@StateDept
 should make a formal determination whether the crimes in Xinjiang ‚Ä¶‚Ä¶

#Twitter #‰∏çËÆìÁõ¥Êé•ËΩâÊé® "
68,"The #Canadian parliament‚Äôs Subcomm on Int‚Äôl Human Rights concluded China's systematic persecution of #Uyghurs & other Muslims constitutes genocide. The U.S. & 
@StateDept
 should make a formal determination whether the crimes in Xinjiang constitute genocide."
69,"There are famous football players in plenty, but only 
@MesutOzil1088
 is willing to speak up for the #Uyghurs who have been suffering in the concentration camps in #Xinjiang...

We must stand with him and the Muslims being tortured by #CCPChina.

#StandwithUyghurs 
#UyghurGenocide"
70,"Not sure what reference citation technology you can rely on? Turn to the gold standard respected across industries, and begin to trust your research with EndNote."
71,"When fails #EU #USA plan some where in the world, they adopted #Sanctions. Start screaming like the crow, save #HumanRights
, save #Mankind.They saw #Muslimrights of #Uyghurs saw #HongKong #Taiwan #BelarusProtest but they didn't saw #Yemen #Palestine #Syria #Iraqi peoples rights."
72,"Your efforts in voicing out for the oppressed one by genocidal regime #Chinazi should be delivered effectively to #Uyghurs

To comfort their broken heart & support their struggle for survival by adopting appropriate terminology 'Occupied #EastTurkistan'"
73,"It‚Äôs important the @Europarl_EN use the correct terminology: ‚ÄúOccupied #EastTurkistan.‚Äù The oppressors‚Äô term ‚Äî ‚Äú#Xinjiang‚Äù ‚Äî is deeply offensive to most #Uyghurs, as you know. W/o helping #Uighurs to assert their political rights, they‚Äòll have no way to regain their #HumanRights
."
74,"Home / #World #News / #China‚Äôs actions in #Xinjiang amount to #genocide, says #Canada #parliament panel

China‚Äôs actions in Xinjiang amount to #genocide, says Canada parliament panel.

#Uyghurs #UyghurLivesMatter
#CCPVirus"
75,"THE ECONOMIST
http://economist.com #r2p #Economist #UK #Europe #UE #USA #Macron #Biden #Trump #Queen #UK #FTSE #FTSE100 #London #PrinceWilliam #Coronavirus #Covid #PrinceHarry #PM #BorisJohnson #Meghan #Epstein #RBG #Sunak #Xi #XiJinping #Russia #Putin #Uyghurs"
76,"I like to hear you chinese man condemn chinese concentration camps for #Uyghurs, where they get tortured, raped and separated from their families."
77,"The deadline for submitting evidence to our Forced Labour inquiry is today. 

Submit written evidence here: https://committees.parliament.uk/work/593/forced-labour-in-uk-value-chains/‚Ä¶

We‚Äôll be holding an evidence session on 5 November exploring supply chain transparency #Uyghurs"
78,"Canadian House of Commons subcommittee on acts committed in #Xinjiang against #Uyghurs: ""Based on the evidence... the Subcommittee is persuaded that the actions of the Chinese Communist Party constitute #genocide as laid out in the Genocide Convention."""
79,"07 organizations, staged a protest against China's brutal repression of #Uyghurs, concentration camps and for the release of 02 detained #Canadians in #China
https://banglanews24.com/english/international/news/bd/86167.details‚Ä¶
@UyghurCongress
 @UyghurProject
 @CPG_USHMM
 @Reaproy"
80,"Hope UK will be the next country declaring there's #genocide happening to #Uyghurs 
CCP can't silence all people in the world"
81,".#Canada is telling it like it is. #China is conducting mass genocide of the #Uyghurs. The rest of the world remains silent & hypocritical in face of this massive Human Rights violation & atrocities committed by China. #UNHCR 
@vonderleyen
 @antonioguterres
 @vonderleyen"
82,"http://BestChinaInfo.com very pleased to be able to repost 'Xin Jiang Explained in 4 Minutes' ‚Äì If you care about people, #Uyghurs, #XinJiang: Demystified! Spare four minutes to understand properly! by Chris Kanthan @ https://worldaffairs.blog @truthandsatire"
83,"The next time you buy textiles #MadeInChina give a thought to how this cloth is being produced. Forced labour (not even #Nike foreign sweatshops are this evil) by pressganged #Tibetans, #Uyghurs is a matter of record. #BoycottChina #UighurGenocide #UighurLivesMatter"
84,"""Around 20,000 former internment camp detainees are working at the Aksu (in Chinese, Akesu) prefecture branch of an eastern China-based textile producer that has been identified as part of a forced labor scheme in (#EastTurkistan)""

https://rfa.org/english/news/uyghur/labor-10222020145957.html‚Ä¶"
85,"#Boycott Beijing Winter Olympics #FreedomIsNotFree #HumanRightViolations #PoliceBrutality #save12hkyouths #StandWithHongKong #StandWithThailand #StandWithBelarus #Mongolia #Tibetan #Uyghurs #StaySafe
  #FridaysForFreedom"
86,"#China‚Äôs state-affiliated @globaltimesnews is very sensitive about a boycott of @Beijing2022 Winter Olympics. #CCP is watching Australia's position closely. They want to brush #genocide under carpet, but Australia can put a spotlight on the truth. #auspol https://globaltimes.cn/content/1204371.shtml‚Ä¶"
87,"A reminder on #CCP #China
""#China #CCP #HongKong #MilkTeaAlliance #Malaysia #Thailand #Japan #Taiwan #Tibet #Uyghurs #Philippines #Mongolia #ChinaVirus  #StandWithThailand """
88,"(GRAPHIC warning) Killed thrown from building, Potential RAPE in Communist #China governed #HongKong.

20200307 1443  Tin Shui Wai Male

Police: NON SUSPICIOUS
Body split into half.  Witness heard cursing of police before incident

Over 11929 murders/missing"
89,#Chinese pressure & insane behaviors on #Uyghurs at #Xinjiang
90,"Thousands of miles from Xinjiang, Uyghurs still live in fear of the Chinese state https://econ.st/2Hgc8Ne From @1843mag"
91,"All countries should correct their term when they refer to East Turkistan!!

Otherwise it‚Äôs anti-#Uyghurs, anti-#EastTurkistan; although we don‚Äôt have 1.4 billion people,but it still hurts our feelings!

If what‚Äôs happening to #Uyghurs is not genocide, then genocide doesn‚Äôt exist"
92,"@Kaepernick7
 was targeted for standing up against racism ,He stood up against all odds & won.The whole world is kneeling today.
@MesutOzil1088
 stood up against the oppression of the #Uyghurs in China & he is being targetted just like kaepernick.He will win.
#DebateTonight"
93,"This is not new, Nazi did the same in the past

https://twitter.com/doamuslims/status/1209217959597674498?s=19‚Ä¶"
94,Leftist defense of persecution of #Uyghurs triggers a fierce response from professors - An open letter signed by 35 international academics called out a Monthly Review article that denied the persecution of China‚Äôs Muslim minority https://glykosymoritis.blogspot.com/2020/10/leftist-defense-of-persecution-of.html‚Ä¶ #regressiveLeft #genocide
95,a million? millions? camps? #Opression? #Genocide? umm... #smokinggun? #Bullsh1t #Xinjiang #Uyghurs
96,"#UyghurGenocide #Uyghurs 
china is the new #Nazi"
97,"For comparison, English arrival the American and Oceanic continents, it erased all other languages and homogenized cultures. The West has little to teach China in regards to maintaining cultural diversity. #Uyghurs in #Xinjiang."
98,"Really great to see more people are standing up for #Uyghurs 
Hope the free world can to #FreeUyghurs by sanctioning CCP officials and #decoupleFromChina"
99,"@gadyepstein
 'articles' on #China, in particular #Uyghurs #Xinjiang. Takes a few mouseclicks to understand why he & 
@TheEconomist
 stink of propagandised 'thinking' and 'writing', (using both terms very loosely here) #FollowTheMoney All the way back to #OldWorldOrder #Rothschild"
100,"@TheEconomist
 @gadyepstein
 @GroseTimothy
 STILL using debunked lie as flimsy agitprop. #Reuters article, regurgitated by #msm: 'millions of #Uyghurs in secret camps': NO #UN statement but quotes #NED funded #CERD': #US #GayMcDougall  http://williamengdahl.com/englishNEO5Oct2018.php‚Ä¶ https://21stcenturywire.com/2018/09/26/from-idlib-to-xinjiang-uyghur-fighters-trained-for-terror/‚Ä¶"
101,Inside the #WUC World #Uyghur Congress: The #US #NED backed right-wing regime change network seeking the 'fall of China' https://thegrayzone.com/2020/03/05/world-uyghur-congress-us-far-right-regime-change-network-fall-china/‚Ä¶ via @TheGrayzoneNews
102,"Boycott winter Olympic in Beijing, Olympic Games not a occasion for whitewash of totalitarian regime. #Uyghurs #CCP_is_terrorist"
103,"Please help #Uyghurs.

#StandwithUyghurs"
104,"#BREAKING Uyghur Tribunal overwhelmed with evidence, launches campaign to fund comprehensive investigation into allegations of genocide. 

We are a people‚Äôs tribunal. Owned by the people and totally independent. Please support this project: https://crowdfunder.co.uk/the-uyghur-tribunal‚Ä¶"
105,"Boring, everyone else is already talked about #Uyghurs Can u switch to something more juicier?
I know the secrets MSM dont want the world to know, what u Americans did last 30 years..

https://sasapost.com/the-endless-war-iraqs-heavy-legacy-of-depleted-uranium/amp/?__twitter_impression=true‚Ä¶"
106,Free the fucking #Uyghurs from the #UyghurGenocide
107,"All Lives Matter

Chinese Communist Party, 
The Chinese Progressive Association,
& Black Lives Matter

#Uyghurs are human beings, too.

Marxism, BLM & Money Laundering"
108,Agreed but I want to hear specifics on how we prevent this from happening again. I want to hear what specifically he would do different. I have heard a whole lot of what he won‚Äôt do and not a whole lot of what specifically he will. Also talk about #Uyghurs
109,"""These are the most serious #HumanRightsViolations of this century."" 
@David_Mulroney
, former Canadian ambassador to #China. A Canadian parl. committee found the abuses against the #Uyghurs are #Genocide. May our own 
@StateDept
 do the same. 
@ETAwakening
 @CUyghurs
 @eastofethan"
110,Discussion on China and not one mention of how the Chinese Communist Party is brutally oppressing and persecuting the #Uyghurs in Xinjiang.
111,Thank you so much voice out for #Uyghurs
112,"China unlawfully detained #Millions of #Uyghurs in  #ConcentrationCamps.
your government committing genocide against Uyghurs and you are part of this crime against humanity.
now you comparing 
@SenatorAbetz
 to a Nazi?
you are the real Nazi of this century."
113,"Comment: ""I'm a Chinese guy born in China. And I say f**k the #CCP. Stand up for those oppressed like the #Uyghurs, #HongKong and #Taiwan.""

China warns Canada not to damage relations further with ‚Äòlies‚Äô about #Uyghur #genocide /via 
@globeandmail"
114,"There is no point of comparing #China, and its repression of #Uyghurs to Europe 
 Europe trusts its citizens, till proven guilty. China pre-judges #Uygurs as ""prospective terrorists"" from the day their are born 
. It's NOT  normal to have to do this in one's restaurant "
115,We urge Canada and the international community to work together to launch & sustain a global response to the #EastTurkistan crisis. #Uyghurs & other Turkic peoples have become displaced & stateless with millions locked up in #ConcentrationCamps & prisons.
116,"Thank you Mr. 
@rajfortyseven
 for covering #Uyghurs‚Äô current crisis;in the mean #Chins is migrating #Uyghurs in millions to #China to, while migrating *irrelevant* #Chinese ppl go east Turkistan to create more issues in the future..

Hope world could some more decisive action soon"
117,"#Canada joins in #global condemnation of #China's atrocities in #occupied #EastTurkestan.
Mass #sterilisation of #Uyghur #muslim women is #cultural& #ethnic #genocide.
Urges international community to unequivocally condemn #HumanRights
 abuses in #Xinjiang.
https://indiatoday.in/india/story/canada-joins-global-condemnation-of-china-s-atrocities-on-uyghurs-1734142-2020-10-22‚Ä¶"
118,"In his new album scheduled for November 6th, 
@Medinrecords
 will highlight the current situation of #Uyghurs in #China.

#UyghurGenocide #ConcentrationCamps #NeverAgain #EastTurkistan #Xinjiang #FreeOuighours #franceforuyghur"
119,This is important.  Democracies are speaking with one voice on #Uyghurs
120,"The #Canadian parliament‚Äôs Subcomm on Int‚Äôl Human Rights concluded that the persecution of #Uyghurs & others constitutes #genocide. The Chairs urge @UN to address the #Chinese govt‚Äôs atrocities & for @StateDept to issue an atrocity crimes determination. 
https://ourcommons.ca/DocumentViewer/en/43-2/SDIR/news-release/10903199‚Ä¶"
121,"Okay, but I'm not sure why this gets more column inches than his silence on #Uyghurs #UyghurGenocide, not to mention #Tibet or #HongKong #HongKongProtests and the appalling persecution of Christians in China. There's more to life than gender and sexuality."
122,"Q: Why are Jewish people speaking out for #Uyghurs rather than Muslims? 
Me: We don't have to be #Jewish, Uyghur, #Christian...to speak out in the face of genocide. All of us should condem #China. I'm grateful for the Jewish community for carrying out the promise of ""Never again."
123,"While 
@Pontifex
 is rightly criticised for his silence on #Uyghurs, #Tibet, #HongKong & persecution of Christians in China, as Vatican renews deal with the brutal, repressive, mendacious regime in Beijing, 
@JustinWelby
's silence shouldn't be excused either"
124,"2/ only because of #CCP #China's #genocide against the #Uyghurs.
@SpokespersonCHN
 
@zlj517
 
@ChinaEmbTurkey
 
@MFA_China
 
@AmbCuiTiankai
 
Being #Uyghurs are crime? 
This is totally unacceptable, racist #China and #CCP's members, we demand immediate release of all #Uyghurs."
125,"PLEASE HELP. The Uyghur Tribunal has been completely inundated with evidence of Chinese Communist Party atrocities + needs to raise money. 
 twitter.com/TribunalUyghur‚Ä¶"
126,"5/ #Uyghurs. Because china is currently doing very big and totally unacceptable crime against the #Uyghurs. Please take an action against the #Chinese regime as soon as possible, before it is too late. #Uyghurs are not the first and last victims of #CCP. #Uyghurs are +++"
127,"4/ reason for their parents and brothers detaining.
In 21st century millions of people are go abroad for travel, and millions of people going for abroad for study, is is very normal, but for #Uyghurs and for #China, it is the reason for #China to unlawful arresting +++5"
128,"It is not just an interview, it is heartbreaking process for #Uyghurs. Specifically for 
@Nursiman11
 and 
@NurKashgar
. Because two sisters were tried and keep trying their bests to save their family which is totally destroyed by #China. Two sisters are hope for their ++"
129,"I just finished an interview about what happed to my family and tragedy about #Uyghurs. You can never imagine how it feels talking about all those mistreatments that your parents and brothers facing while you talk. 
I missed them so much.#FreeNursFamily
 @amnesty @TribunalUyghur"
130,"https://reut.rs/34m2qla
@zlj517
 says #China is ‚Äúdissatisfied‚Äù with
s decision to ban 
@Huawei
 & 
@ZTEpress
.
accurately recognized 
as a threat. CN is a 
 threat. Countries which respect human rights shouldn‚Äôt have relations with a state committing a #genocide against #Uyghurs"
131,"And interesting enough, #Russia (who caused partially the Syrian war) is now member of the #UNHRC. How unscrupulous & hypocritical can this organisation be? #China with 3 million #Uyghurs in concentration camps, is another example of a villain country taking part on the UNHRC."
132,#Pannun‚Äôs visit to #China for his #KhalistanFantasy is the joke of the year 2020. #China is known as an oppressor and has done nothing for the welfare of its minorities like #Uyghurs. I don‚Äôt know where #Pannun gets such lousy ideas from? #ShameOnPannun #PannunChainaPlanFails
133,If you actually care about #Uyghurs - spend four minutes to read this properly. https://worldaffairs.blog/2020/09/20/uyghur-xinjiang-explained-in-four-minutes/‚Ä¶
134,"The #Canadian parliament‚Äôs Subcomm on Int‚Äôl Human Rights concluded that the persecution of #Uyghurs & others constitutes #genocide. The Chairs urge 
@UN
 to address the #Chinese govt‚Äôs atrocities & for 
@StateDept
 to issue an atrocity crimes determination."
135,China warns Canada to halt ‚Äòblatant interference‚Äô as feud continues https://theguardian.com/world/2020/oct/22/china-canada-diplomatic-feud-uighurs-xinjiang‚Ä¶ #Canada #China #Xinjiang #Uyghur #Uyghurs #Uighur #Genocide
136,"Great, that 
@TheEconomist
 made the torment of the #Uyghurs its cover story. I absolutely agree that liberal democracies have the obligation to ""call a gulag a gulag"". In this essay, I also present some lessons from history that can guide our actions:"
137,Help us put an end to forced Uyghur labor in China.  https://minaretfoundation.com/action-uyghur/ #UyghurGenocide #Uyghurs #UyghursAreFree #UighurGenocide
138,"The Better Cotton Initiative, which seeks to improve standards in the industry, has today announced it is withdrawing from the Uyghur region, one of the world centres of cotton production, due to concerns about human rights abuses & slave labour. #uyghur #uyghurs #uighur #uighurs"
139,"Delighted to be speaking at this event about the #Uyghurs alongside 
@lisanandy
 @SKinnock
 @786maq
 and my wonderful Uyghur friend, colleague and hero 
@MahmutRahima
 on 11 November at 2pm - join us and let's work together to stop #UyghurGenocide "
140,"#Canada‚Äôs parliament labeled China‚Äôs actions targeting #Uyghurs in the Region as ‚Äúgenocide,‚Äù calling on Ottawa to adopt the designation & sanction #Chinese government officials responsible for rights violations in the western region. 
@RadioFreeAsia"
141,"Kalash MQS, a rapper from #France released a new song titled ‚ÄúHall,‚Äù which directly addresses the situation in the Uyghur region. 
@RFA_UyghurNews
 interviewed #KalashMQS about what prompted him to write about the #Uyghurs & how his song has been received."
142,"Rushan Abbas is a Uyghur-American activist. She is the founder and executive director of the Campaign for Uyghurs, and has been one of the most prominent voices
speaking out against the mistreatment of the #Uyghurs by the Chinese government."
143,"Jewish World Watch's Executive Director Serena Oberstein (
@SJOberstein
) will join a compelling panel to discuss the #Uyghurs, what we are doing to address the crisis and how you can help."
144,"""The persecution of the #Uyghurs is a crime against Humanity."" #SaveUyghurs An update on this week cover by 
@gadyepstein
. Thread..."
145,"Also, how come #Rashford is included in the #ManUtd squad & given a gong by the Queen for what is a Political initiative (ignored & voted down by Tories)... 
While #√ñzil is excluded from every #Arsenal squad for defending the #Uyghurs?!? 
SHAME on 
@Arsenal
. I used to like you."
146,"Report Exposes the Cultural Genocide of Uyghur Society in China https://visiontimes.com/2020/10/14/report-exposes-the-cultural-erasure-of-uyghurs-in-china.html‚Ä¶ #China #HumanRights
 #Uyghurs #CrimesAgainstHumanity"
147,"The Subcommittee on International #HumanRights
 is calling on #Canada to take immediate action to address the #CCP regime‚Äôs escalating aggression against #Uyghurs and other Turkic #Muslims in #China, saying the situation amounts to #Genocide."
148,Because he spoke for #UYGHURS!
149," demonstrated leadership in recognizing the atrocities against #Uyghurs as genocide. Today‚Äôs decision sends a message to victims like my brother that the int‚Äôl community will fight together to #FreeEkpar & other detained, Imprisoned & enslaved victims in the #concentrationcamp"
150,"What ignorance. Since 2011 I've been to #Budapest spent month working in #Warsaw, 2 weeks in #Beijing. #Hungary & #Poland are in no way totalitarian. I went anywhere, talked to anyone about anything. Read anything.
Beijing is totalitarian. #Uyghurs #Tibet"
151,"#BCNDP silent on #China‚Äôs human rights; ambiguous on #BeltandRoad Initiative #BCelxn2020 #bcpoli #bri #cdnpoli #Vancouver #HongKong #Uyghurs #Taiwan #Tibet  https://biv.com/article/2020/10/bc-ndp-silent-chinas-human-rights-ambiguous-belt-and-road-initiative‚Ä¶ via 
@BIVnews"
152,"Call on the Chinese government to stop its campaign targeting #Uyghurs, Kazakhs and other predominantly Muslim ethnic groups inside and outside China. Act now with 
@AmnestyNow
: https://e-activist.com/page/56653/action/1?mode=DEMO&locale=en-US&utm_source=twitter&utm_medium=postaction&ea.tracking.id=postaction_twitter‚Ä¶"
153,"VC Cheryl de la Rey claimed that she stands for ""anti-discrimination, social equality and why universities should be uncompromising in our commitment to human rights"", yet she failed to sufficiently support #Uyghurs, #FalunGong, and #Christians in China. https://stuff.co.nz/the-press/news/120609752/life-in-south-africa-enabled-me-to-respond-says-canterbury-vice-chancellor‚Ä¶"
154,"Poster 227 : ""Mr. #Xi""
#XiJinping , #China's dictator and Secretary General #CCP (a mafia organization)
#APosterADay4Uyghurs Day 227
I make a poster every day to draw people's attention to the #Uyghurs plight. Please retweet, follow, and make #Uyghur cause more visible. Thanks."
155,Thank you to all who use their talents to raise awareness of the genocide of #Uyghurs
156,"A French rap video highlights Uyghur oppression in China. The video has gone viral within the Uyghur community, and is trending in France."
157,"Disagree Gero: Turkey s changing Balance of Power,as an ISIS Caliphate,thus a threat in #Kosovo #Albania #Algeria #Mali #Nigeria #BokoHaram,#Caucasus area,incl all #Turkic Tribes,ending in""jan""+ #CHI #Uyghurs,along w allying w #Chechnya -It's even Threatening #Israel 
@sfrantzman"
158,"#Uyghurs need our help. 
#UyghurGenocide #UyghursLivesMatter"
159,"-- Beat 937: Fatimah, Australia (English) --
 
Fatimah testifies for a number of friends and acquaintances whom she knows were detained years ago, with no news since. #uyghurpulse"
160,Pompeo needs to stop killing #Uyghurs #UyghurGenocide
161,"The only difference between what #China is doing to #Tibetans, #Uyghurs ,#Innermongolians and what #Japan did to #China is now and then"
162,"And Germans built Germany, Russians built Russia, French people built France, Japanese people built Japan ... 

#China is genociding #Uyghurs to build ‚ÄúXinjiang‚Äù ... & and more of ‚ÄúChinese‚Äù people"
163,"Human Trafficking Found in Xinjiang Supply Chains.
#Uyghurs  #ForcedLabor   #HumanTrafficking"
164,"Shamless liers stop lying ! 
Release my sister from evil #chinese #ConcentrationCamps !!
@ChineseEmbinUS
 @AmbCuiTiankai
 
Where is justice for #Uyghurs? 
@UN
 @UNWatch
 @UNHumanRights
 @CNN
 @BBCWorld
 @nytimes
 

https://twitter.com/qelbinur10/status/1214058448310210560?s=21‚Ä¶"
165,It's really atrocious what the Chinese communist party is doing to the #Uyghurs.
166,"If you notice, among all the cruel hate speeches against Uyghur Muslim, Moeed Yusuf uttered one truth about his best friend #Chinese: #China is committing genocide & soon #Uyghurs'll disappear. Best friends know each other well. Allah witnesses everything, whatever is happening."
167,Have you read the excoriating lead article on the persecution of Uyghurs in the respected news magazine The Economist? Read their challenge to the world here https://economist.com/leaders/2020/10/17/the-persecution-of-the-uyghurs-is-a-crime-against-humanity#uyghur‚Ä¶ #uyghurs
168,"Among all the cruel hate speeches against Uyghur Muslim, Moeed Yusuf uttered one truth about his best friend #Chinese: #China is committing genocide & soon #Uyghurs'll disappear. Best friends know each other well. Allah witnesses everything, whatever is happening."
169,"https://bit.ly/37q1FZW

Thank you, 
@NathanHondros
 once again for this insightful article you wrote last year when we met in Australia 
. I hope you continue shedding light on the #genocide & persecution which #Uyghurs face because of #China‚Äôs oppressive policies!"
170,"We are quickly making progress on this book. We are about a quarter way finished ! Please support us by donating, so that when it is complete , we will have no issues with distribution ! Thank you! https://gofundme.com/f/257mmmoyw0?sharetype=teams&member=5837798&utm_medium=social&utm_source=twitter&utm_campaign=p_na+share-sheet&rcid=0f180c2a391f46b489968e0bd06b6897‚Ä¶ 
@gofundme
 #UyghurGenocide #UyghurLivesMatter #Uyghurs"
171,"Concentration camps, forced marriage, forced labour, forced sterilisation, endless torture and detain...
Pls #BoycottChina & #BoycottBeijing2022, for its violation of human rights n its genocide towards #Uyghurs."
172,If you want to find out more about the plight of #Uyghurs this is an excellent thread outling the journalists and researchers who have uncovered the appalling treatment of Muslim minorities by the Chinese government.
173,"THREAD: Following our cover this week on Uyghurs, I wanted to highlight scholars, journalists, activists and exiles who have helped expose and explain what is happening in Xinjiang, from the camps to population control to the diminishing of Uyghur identity https://economist.com/leaders/2020/10/17/the-persecution-of-the-uyghurs-is-a-crime-against-humanity‚Ä¶"
174,"Your pro-#CommunistChina mfr stance serves the CCP's interest; hence why they allow you to live/twitter untouched (but monitored). Every day HK, Tibet, Taiwan, #Uyghurs, US State Dept are proof safety is ABSOLUTELY NOT the case for freedom loving people; 
@danharris
' point."
175,"Inbox cluttered with articles shared by colleagues around the globe? Organize your reference library into groups to share with hundreds or thousands of colleagues, and begin to collaborate with EndNote."
176,"seat China at 
@CityOfTheHague
 for #GENOCIDE of #Uyghurs and 
@Tibetans
, 
@DFAT
 @MOFAJapan_EN
 @Portugal_MOFA
 @SwissMFA
 @BelgiumMFA
 @Ulkoministerio
 @DFATIrl
 @zoltanspox
 @GreeceMFA
 @MFABulgaria
 @DutchMFA
 @MVEP_hr
 @SlovakiaMFA
 @MZZRS
 @PolandMFA
 @Latvian_MFA
 @LithuaniaMFA
 @MAERomania"
177,"This is what we believe.
#Hongkong #Belarus #Thailand #Uyghurs #Tibet #Taiwan"
178,"You are not alone too~
My friend Hong Kong!"
179,"@Chinamission2un
 @antonioguterres
 @mbachelet
Yes, all states are guilty, in varying ways and degrees of abusing the #HumanRights
 and #Freedoms of their peoples.
This is, however, no reason for not urgently addressing the abuses the rights and freedoms of the #Uyghurs in #China."
180,"Some in the #US repeatedly fabricate the so-called ""human rights abuses"" against the #Uyghur people in China. 
But do they know there are 56 ethnic groups in China?"
181,This is an incredible initiative. A broad range of faith leaders and human rights organizations have come together to demand action in defence of #uyghurs. Words are not enough. #UyghurGenocide #UyghurLivesMatter #cdnpoli #china twitter.com/CIJAinfo/statu‚Ä¶
182,"The ‚Äúre-education‚Äù camps in Xinjiang is going down in history as the most shameful stain of our time. We, the entire human race, will be judged and looked down upon by our offsprings for letting this happen to #Uyghurs in exchange for cheap stuff and easy money."
183,#Uyghurs‚Äô culture is a gem of all Turkic people and the world. We must stop the #genocide against them by the #ccp and #Chinazi-s.
184,"Five years ago, leading #Uyghur poet Tahir Hamut Izgil was traveling in Paris.

He got lost.

The result was one of the greatest Uyghur poems of the last decade.

I can only hope my translation has done it justice.

Read the whole thing.

1/6"
185,"Uyghurs in Crisis: The Jewish Response
Tune in to hear abt the #Jewish response to the persecution of #Uyghurs in China, from both sides of the Atlantic!
22nd Oct |
18:30 CET | 12:30 EST
For more info: https://facebook.com/events/664322817551352?acontext=%7B%22action_history%22%3A[%7B%22surface%22%3A%22page%22%2C%22mechanism%22%3A%22page_admin_bar%22%2C%22extra_data%22%3A%22%7B%5C%22page_id%5C%22%3A389574965144%7D%22%7D%2C%7B%22surface%22%3A%22events_admin_tool%22%2C%22mechanism%22%3A%22events_admin_tool%22%2C%22extra_data%22%3A%22[]%22%7D]%2C%22has_source%22%3Atrue%7D‚Ä¶
To register: https://bit.ly/3n7XNCz"
186,"China is the biggest death threat. Engagement was evils and wrong. This have things with Whether you're Blacks and White.
#HunterBidenEmails #BidenCrimeFamily #China #Uyghurs #Uyghur"
187,"Et tu 
@dartmouth
? #StandUpToCCP #StandUpForHumanRights and against the #CCP genocide of the #Uyghurs in #Xinjiang province. 
@dartmouthalumni
 @SecPompeo
 @mikepompeo"
188,"#Dartmouth warns professors about crossing the 
 #Chinese #CCP government
‚Ä¢Dartmouth to professors: protect students from #HongKong #NationalSecurityLaw 
‚Ä¢#Harvard, #Penn, and #Princeton, ask for same precautions

https://campusreform.org/?ID=15921"
189,"Canada vs #PRC: 
@Alex_at_ACHK
 is right on the yuan. Demand that #CongPeiwu publicly apologize or be PNG'ed https://twitter.com/Alex_at_ACHK/status/1318560807416963074‚Ä¶ #cdnfp  #diplomacy #HumanRights
 #Uyghurs #CACN #HongKong #HongKongers #HumanRights
 #ReligiousFreedom"
190,"6/ I love this reply by @DeputyPM_Canada @cafreeland. But strong words need to be backed by action..

Assuring that Canada will ""speak out clearly and without resevation"" means nothing without action."
191,"#Watch!

Human rights lawyer 
@EmmaReillyTweet
 exposes #UNHRC and its pro #China practice
@UN_HRC
 is accountable for the crimes against #Tibetans, #Uyghurs and other ethnic minorities as they never raise any issue against China
@TibetPeople
 @UyghurCongress
 @SalihHudayar"
192,"I was just reading about the horror stories from #PakArmyGenocide of Kashmiris in 1947. Ruling elites of #Pakistan never cared about muslims across the world. 

Why #Pakistan is then silent on #Uyghurs of #China? 

#RaidersInKashmir #UNHRC #HRW #UNSC 
@CSCR_pk
 @ChongJaIan"
193,"If only other Muslim PL players had the courage to speak up for the #Uyghurs then maybe Ozil wouldn‚Äôt have been burnt at the stake like this.

Ashamed to be an 
@Arsenal
 fan rn"
194,"Mesut Ozil has been left out of Arsenal‚Äôs 25-man Premier League squad and may have played his last game for the club, per @JamesOlley"
195,"A feature report (in Italian) on the #Uyghurs of #Xinjiang by journalist and #SOAS alumna Maria Elena Gottarelli 
@Magot_hellen"
196,"#Boycott #CHINA 
New research reveals hundreds of thousands of Uyghur children in #Chinese-ruled Xinjiang region(East Turkistan) have either one or both parents detained.
International magazine, The Economist, unveiled its latest cover, called Torment of the #Uyghurs. #China"
197,Across the Uyghur region the Chinese Government is destroying Muslim cemeteries. These images from the Associated Press show human bones littering the dirt after cemeteries were bulldozed. #uyghur #uyghurs
198,"Let us raise our voice on #Uyghurs issue, how can global community stay silent?

Why #Pakistan PM 
@ImranKhanPTI
 is even mum about it? Has #Chinese money bought his soul too?

#ChineseStoogePakistan #UyghurGenocide #UyghurLivesMatter 
@UyghurProject
 @JAFU709
 @UyghurCongress"
199,"@CNN
 @BBCWorld
 @business
 
I can‚Äôt count the # of times I see ‚Äúcredible‚Äù news sources reporting #CCPChina data and talking points verbatim. The #CCP lied about the virus, lies about #Uyghurs, stocks, and govt data. Don‚Äôt be GULLIBLE if you want to be CREDIBLE. RT if you agree!"
200,Thread twitter.com/ChinaBeigeBook‚Ä¶
201,"Nuclear imperialism in #Xinjiang; home to #Uyghurs has witnessed stages of crackdown!

Ppl here cn't do cultural & religious practices. They're in a virtual quarantine trying 2 dilute their existence!

I think UN shld open its eye 2 China's politics of hatred & cultural genocide!"
202,"Reporting by 
@TheEconomist
 reveals deepening efforts by Chinese authorities not just to imprison the #Uyghurs, a Muslim-minority people, but also to reduce their number, to wipe out their culture & to hound them wherever in the world they may go. #genocide"
203,"Ppl living under authoritarian regimes are so helpless, scared, and painful. Ppl alone can't fight tyranny. 
Only in solidarity we stand that we could fight for freedom & democracy.
Stand with #HongKong #Thailand #Belarus #Uyghurs
Let us work for a better future together."
204,"Yes, all that ‚Äúlove‚Äù brought us #Uyghurs to Genocide ... 

Despicable liars"
205,Love 
206,"Rune Steenberg analyzes the end of the relatively liberal view of culture and customs with #China's turn to politicizing and policing daily life, especially among #Uyghurs. https://tandfonline.com/doi/full/10.1080/14631369.2020.1819201‚Ä¶"
207,"#TheEconomist on #China #Uyghurs #Xinjiang. It's not difficult, a few mouseclicks to #FollowTheMoney All the way back to #OldWorldOrder #Rothschild to understand why 
@TheEconomist
 stinks of propagandised 'thinking' and 'writing'... https://wikizero.com/en/Economist_Group‚Ä¶ https://wikizero.com/en/Lynn_Forester_de_Rothschild‚Ä¶"
208,"#TheEconomist 'articles' on #China, in particular #Uyghurs #Xinjiang. It's really not difficult to understand why @TheEconomist stinks of propagandised 'thinking' and 'writing', (using both terms very loosely here) #FollowTheMoney All the way back to #OldWorldOrder #Rothschild"
209,"#TheEconomist 'articles' on #China, in particular #Uyghurs #Xinjiang. It's really not difficult to understand why 
@TheEconomist
 stinks of propagandised 'thinking' and 'writing', (using both terms very loosely here) #FollowTheMoney All the way back to #OldWorldOrder #Rothschild"
210,"Never again is happening again for #Uyghurs today, and the world is just watching.

#UyghurGenocide"
211,"On the page of 
@ArmeniaMODTeam
, #Armenia/ns are convinced that they are winning the war. Once NK is liberated, how will the government explain what happened? Syrian mercenaries? 
? #Uyghurs? Or will they lie and say they still have control over NK? #DontBelieveArmenia"
212,"While y'all are celebrating LeBron, he attacked those speaking up for human rights in #HongKong & #Uyghurs, to protect his profits in China. #Hypocrite #Bronsexuals #LeStans 

Detecting slave-made goods from China is growing harder, U.S. says"
213,".
@UNHumanRights
 refuses to prioritise the safety of #Uyghurs over its relationship with China. 
@UN
 won't investigate, so brave parliamentarians like 
@rglucks1
, 
@EnginEroglu_FW
, 
@PieterOmtzigt
 and 
@ipacglobal
 must hold 
@UN
 to account and stop its complicity in #UyghurGenocide."
214,Halal Organs: A horrific part of the CCP‚Äôs genocide of #Uyghurs. See more at: https://instagram.com/campaignforuyghurs?igshid=s7bngd3wtfxd‚Ä¶
215,"How Xinjiang's gulags tear families apart: So many parents have been locked up that officials struggle to cope with the left-behind children

https://economist.com/china/2020/10/17/how-xinjiangs-gulag-tears-families-apart‚Ä¶

#China #Xinjiang #UighurGenocide #Uyghurs"
216,"ANYTHING with ET #ETIM EastRitardiskestan name is worse than Indian #fakenews #JaiHind #Namaste #India 

#JaiHind #Namaste #India #Uyghurs NOT #Xinjiang #China

#Ladakh #ArunachalPradesh #aksaichin #sikkim #pangongTso #GalwanValley #Nepal #Pakistan #Bangladesh #Kashmir #LAC"
217,"‚ÄúDon‚Äôt be sad. Allah is with us.‚Äù (Quran 9:40)

#EastTurkistan #EastTurkestan #Uyghurs #Kashmir #Syrie #syria #Arakan #Rohingya #Yemen #Iraq #Azerbaijan #Somalia #Africa #india #Palestine #Quds #Gaza #Idlib #taiz"
218,"China has been brutally torturing, killing, raping and imprisoning innocent #Uyghur community in China. The only crime they committed is to follow their religious faith which China sees as a threat. Uyghur women are forced sterilized & forced to sing songs of glory of Xi Jinping."
219,"Once again, UN‚Äôs complicity in this whitewashing exercise mocks the #humanrights
 it was established to protect. #Uyghurs #genocide - coming to a screen near you."
220,"No joke: 
 China‚Äîjust elected to the U.N. Human Rights Council‚Äîto screen film there whitewashing its herding of 1 million Uighur Muslims into camps.

A ‚Äúheart-melting movie‚Äù about a boy, a family of ‚ÄúUighur goat herders‚Äù & an ‚Äúadorable lamb.‚Äù

Why is the U.N. a partner to this?"
221,"@UNHumanRights
 @TheEconomist
  While #Uyghurs flourished in Xinjiang,  A Real  Refugees Camp in Germany committed Serious  Crime!"
222,2000 Refugees Sexually Assaulted 1200 German Girls on New Year's Eve | Armstrong Economics https://armstrongeconomics.com/international-news/europes-current-economy/2000-refugees-involved-in-mass-rape-of-1200-german-girls/#.X45HTQzv_W4.twitter‚Ä¶
223,"At the past decades, #CCP is non-stop to violate the human rights of #Tibetans, #Uyghurs and #HKers. This year, #CCP introduce the so-called national security law which is even applicable to all the people in the world."
224,"Reason &truth is not a propaganda disinformation campaign.  That's just me telling the world you're lying, you're wrong.  --- Mario Cavolo 
#Xinjiang #Uyghurs"
225,"From #ChinaVirus ,we should learn that all of us could be related to the abuses on #HumanRights
 in #China 

It's time for us to voice for #Uyghurs to right the wrong"
226,Hope they can really do something to help free #Uyghurs
227,"Concentration camps, forced marriage, forced labour, forced sterilisation, endless torture and detain such as raping with electric baton...
Pls #BoycottChina & #BoycottBeijing2022, for its violation of human rights n its genocide towards #Uyghurs."
228,"Qelbinur Sidik, a Uyghur Muslim, says she was forcibly sterilized in one of China‚Äôs ‚Äòre-education‚Äô camps ‚Äî now she is speaking out and sharing her story (warning: distressing)"
229,"It is the same, having a small border with Afghanistan does not mean #Uyghurs are religious fanatics"
230,"After China's re-election in the Human Rights Council, the UN definitely lost the right to be taken seriously.
#Uyghurs"
231,The #uyghurs are forcefully sent to residential schools inside forced labour camps in #China ... same anyone else who isnt #han #chinese
232,"China has over the years confiscated #Uyghurs' passports. Even if they were released from the camps, they could not leave China.  #UyghurGenocide"
233,"Just shows, that you have NO IDEA, what's happening to #Uyghurs. The testimonies do not come from a few individuals, but from the family members of 3.000,000 Uyghurs, that have been arbitrarily detained in #Chinese concentration camps and in forced labour. #UyghurGenocide"
234," #Nieuwsuur 19.10.2020 video 8m

#SjoerdDenDaas, 
back from travelling to #EastTurkestan

Filming w the #Uyghurs allowed, but...

#China builds #factories next to #DetentionCamps ev for #ForcedLabour

Talking to locals not possible
Followed everywhere

https://facebook.com/112462576900252/posts/213428496803659/‚Ä¶"
235,"It's sad we are seeing the people of #HongKong face the fate of #Uyghurs.

The #CCP's oppression at home made their hometown inhospitable and drove them out. CCP even blocked their way to the free world, e.g., the 12 #HK youths.

#StandWithHongKong #save12hkyouths"
236,"Fully agree. The evil #CCPChina has already detained millions of #Uyghurs in concentration camps, enforce the numerous amount of this ethnic minority to be slave labours and forcing Uyghur women to go through inhumane surgeries. We must hold #CCP accountable for its atrocities."
237,"Israelis tend to be coffee drinkers, and have a particular liking for #Turkish coffee (◊ß◊§◊î ◊ò◊ï◊®◊ß◊ô)  I honor the #MilkTeaAlliance and in addition would like to suggest the hashtag #TurkishCoffeeAlliance for ME and Central Asian coffee drinkers to show their support for #Uyghurs "
238,Australia's peak Muslim group has joined with Liberal MP Andrew Hastie to condemn the Chinese government for its persecution of Uighurs in the remote Xinjiang province | @Gallo_Ways https://smh.com.au/politics/federal/proud-australian-tradition-of-calling-out-the-bully-islamic-leaders-praise-andrew-hastie-over-plight-of-uighurs-20201017-p565z3.html?utm_medium=Social&utm_source=Twitter#Echobox=1602918307‚Ä¶
239,Australia's peak Muslim group has joined with Liberal MP Andrew Hastie to condemn the Chinese government for its persecution of Uighurs in the remote Xinjiang province. https://theage.com.au/politics/federal/proud-australian-tradition-of-calling-out-the-bully-islamic-leaders-praise-andrew-hastie-over-plight-of-uighurs-20201017-p565z3.html?utm_medium=Social&utm_source=Twitter#Echobox=1602911325‚Ä¶
240,"Seems like you have no empathy for Uyghurs' suffering, @Sometimes_Wong? There is a huge difference, how #Uyghurs are suffering in their homeland even right now, compared to those that were in Gitmo.  #UyghurGenocide"
241,"Thank you 
@JAFU709
 for speaking truth about people like 
@DanielDumbrill
 & the manipulation tactics they use to defend the #Chinese regime's genocide of #Uyghurs"
242,"Best part? [56:30] when she calls him out for not reading Chinese. It's funny how foreigners who have a limited ability to engage with the language but are still running profitable businesses in the mainland are so insistent on the benefits of a so-called ""bilingual education."""
243,#humantrafficking in board daylight in #Chinazi. They're bargaining for this #Uyghurs little girl. You can only imagine what would happen to her later.  This is insane! #UyghurGenocide
244,Chinese invaders are selling Uyghur children to each other and negotiating with the price
245,"3 million #Uyghurs in concentration camps in #China call for urgent int'l sanctions. The Olympic games of 2022 in Beijing, should be boycoted. China is committing genocide against ethnic minorities & this totally unacceptable in 2020. #Europe 
@vonderleyen
 @Olympics
 @eucopresident"
246,"Quantifying sanctions impact on #Russia for its #HumanRights
 abuses is hard. Let's say $100bn's been affected (seized, frozen, not invested, etc.) by #Magnitsky.

#China's waging a #GENOCIDE of #Uyghurs. Let's say 100K have been murdered. That should be $10tn*1000 in sanctions!"
247,"I have huge respect for Dems like @RepWexton. She's been a House MVP fighting #China's #genocide of #Uyghurs. @EWarren was Senate's 1st to call it ‚Äúgenocide.‚Äù

We need more focus on China's #HumanRights
 atrocities. *Millions* of victims‚Ä¶ sanction China proportionally w/ #Russia! twitter.com/RepWexton/stat‚Ä¶"
248,"In the context of the #CCP's genocide against the #Uyghurs, any #China expert who is not critical of the CCP can't be taken seriously as an unbiased scholar or journalist."
249,"#Tibet  slave camps 
#Uyghurs slave camps
#NorthKorean slave camps 

really arent the way to grow your economy"
250,"1945 and 2020
Different people, Different Background. 
Same tragedie, Same Look. 
#Auschwitz and #Uyghurs"
251,"I have huge respect for Dems like 
@RepWexton
. She's been a House MVP fighting #China's #genocide of #Uyghurs. 
@EWarren
 was Senate's 1st to call it ‚Äúgenocide.‚Äù

We need more focus on China's #HumanRights
 atrocities. *Millions* of victims‚Ä¶ sanction China proportionally w/ #Russia!"
252,"The People‚Äôs Republic of China‚Äôs mass internment of the Uighur people is an egregious violation of human rights & international law.
 
Tomorrow, the House will vote to condemn China's crackdown on ethnic minorities.
 
We must speak out against these abuses.https://apnews.com/4ab0b341a4ec4e648423f2ec47ea5c47‚Ä¶"
253,Forget about the #Uyghurs?
254,This is an incredible initiative. A broad range of faith leaders and human rights organizations have come together to demand action in defence of #uyghurs. Words are not enough. #UyghurGenocide #UyghurLivesMatter #cdnpoli #china
255,"CIJA joins over 100 multi-faith groups, human rights organizations and advocates in calling on the Canadian Government to take concrete action to stop the appalling crimes against humanity being committed by China against the Uyghur in East Turkistan. 

https://cija.ca/we-will-not-remain-silent-in-the-face-of-the-continuing-genocide-of-the-uyghur-people/‚Ä¶"
256,"It is astonishing how Muslim World turned blind eye to the suffering and oppression of Uyghurs. For cheap worldly gain.
China can get away with it because they know Muslims are in weak position.

Dont forget the Uyghur suffering in camps
#UyghurLivesMatter #Uyghurs"
257,"We commend #Kazakhstan 
@MFA_KZ
 for granting asylum to the two #Kazakhs who fled persecution in Occupied #EastTurkistan. We urge all countries in #CentralAsia to grant asylum to #Uyghurs, Kazakhs, #Kyrgyz & all others fleeing #China's genocide."
258,"But France will support Jihadists in
#Syria
#Libya
#Uyghurs in #China 
everywhere except in the French borders. If Hypocrisy was a nation it would be France."
259,France moves to expel 231 jihadis after jihad murder of teacher who showed Muhammad cartoons https://wp.me/p4hgqZ-S3b
260,"""#China - Where Is My Family?""
Testimony from #Uyghur Muslim Mamutjan Abdurehim:Wife in detention since 2017 and possibly sentenced 5 years in internment camps/prison.2 children No contact with family for 3.5 years.
#UyghurHolocaust #UyghurLivesMatter #Uyghurs #UyghurGenocide"
261,"In the Pakistani political scenario, if Islam is a concern then Pakistan must have raise voice for #Uyghurs. National interests always become the priority and that's made us a confused nation. We take steps and after a long/short period, we have to revoke them."
262,"In Pakistan, ""Iron Brother"" China's app proves stronger than Islam.

""Officials said that a big reason behind the ban was the sexualization of underage girls and that TikTok was given several warnings to regulate its content before the ban was imposed.""

https://nytimes.com/2020/10/19/business/pakistan-tiktok-ban.html‚Ä¶"
263,"No, I receive my news from #Uyghurs themselves, who have in the past three years been reporting about their missing relatives in the vast network of #Chinese concentration camps and forced labour. No need for #XinjiangPropaganda  - #UyghurGenocide is real. 
#iStandWithUyghurs"
264,U.S. public gets fake news about China‚Äôs Xinjiang https://peoplesworld.org/article/in-xinjiang-controversy-china-is-the-target-of-u-s-violence-against-muslims/‚Ä¶
265,"Human trafficking in China certainly isn't fake news 
. #Uyghurs have for months been transported to other parts of China for forced industrial labour to benefit the regime, which in itself amounts to #humantrafficking 
https://codastory.com/authoritarian-tech/china-uyghur-migration/‚Ä¶"
266,"These CIA bots, disguised as Uyghurs are more harmful than cockroaches, 
 here is one relaying Fake News.
 Report him overwhelmingly. here is the debunk of his lies
https://twitter.com/wan_ofakind/status/1317901909676728323?s=19‚Ä¶"
267,#Uyghurs are subjected to #liveorganharvesting and #forcedlabor in many provinces  of #China along within #EastTurkistan itself. #UyghurHolocaust must be stoped !
268,Honored to convene the President‚Äôs Interagency Task Force to Monitor & Combat Trafficking in Persons. @realDonaldTrump is committed to #EndTrafficking by the CCP & around the world. We won‚Äôt stop until the CCP halts its deplorable campaign of forced labor and releases detainees.
269,"The oppression & destruction that the Chinese regime attempts to normalize will not stop with the #Uyghurs. 
@iocmedia
 @OIC_OCI
 @oicarabic
 @StateIRF
 @PakPMO
 @Saudi_Gazette
 @AlJazeera_World
 @AJEnglish
 @VOABANGLA
 @uaegov
 @MfaEgypt
 @EgyIndependent
 @DailyNewsEgypt
 #UyghurGenocide"
270,"On August 15, 2020, the government of Anguo city, administered by Baoding prefecture-level city in the northern province of Hebei, demolished the archway of the only Arabic-style mosque in the city."
271,Guess what else is surging in China? Ethnic cleansing and human rights violations against the #Uyghurs
272,"Breaking News: The Chinese economy surged in the last quarter, showing that a fast rebound is possible when the coronavirus is brought firmly under control.
https://nyti.ms/3kbRXhp"
273,English is the most spoken language in the world. Can you guess what No. 2 is?
274,"I have difficult feelings about #Disney , they have given plenty of joy to me growing up, when I spent every saturday waiting for reruns of their old tv shows to begin, on the other hand the #Mulan2020 being set in XinJiang with the #Uyghurs camp I can't forgive."
275,"According to findings from Uyghurs Human Rights organizations, #Xinjiang govt targets to export 4 millions #Uyghurs ""workers"" to other prefectures in 2020. Despite of domestic human trafficking, hope US & other nations can help these ppl. Thank you."
276,"BREAKING: Ads on Uyghur slaves from companies representing Xinjiang Government. You can find such ads from Chinese websites. I can provide more contents to legitimate persons if desired. If such operations continue, what will be left in Uyghurland?"
277,"Here's my 
@just_security
 article assessing this Congress's record on international #HumanRights
 legislation -- with a preview of what the next Congress must take up in early 2021.

#YemenCantWait #Refugees #tps #COVID19 #Venezuela #Rohingya #Borderwall #AsylumSeekers #Uyghurs"
278,"As Americans vote in possibly the most important election in modern history for the US and the world, it‚Äôs time to take stock of this #Congress‚Äôs record on international #humanrights
.

@JoanneLinDC digs in:

#Uyghur #Rohingya #Yemen #Venezuela #asylum 

https://justsecurity.org/72877/the-116th-congresss-record-on-international-human-rights-the-good-the-bad-and-the-unfinished-business/‚Ä¶"
279,"Please save Uyghur children ASAP
 
The treatment by #CCPChina is violating human rights, as usual.
#CCPChina. There are real salves in China, #Uyghurs are living worse than animals, they don't have rights and freedom."
280,"All countries must Boycott #WinterGames 2020 in #Beijing, and every event in #China until #CCP stops persecution of #Uyghurs, #HongKong, #Tibetans and Changes it's policies on #Taiwan and other neighbouring nations."
281,"Editor‚Äôs Picks - A selection of three essential articles read aloud from the latest issue of 
@TheEconomist
 
This week, the persecution of the #Uyghurs, #Trumponomics (11:05), and #Formula1: man vs machine (17:20)."
282,"@SalihHudayar
 We urge everyone including #Uyghurs, #Kazakhs, #Kyrgyz, #Uzbeks, & #Tatars to be be vigilant and not fall for #China‚Äôs ancient divide and conquer tactics. We must focus our energy on our real enemy and not one another. - East Turkistan Government in Exile"
283,"Trump encouraged CCP leader, Xi, to incarcerate millions of #Uyghurs? 

so what are you talking about? 

Christian-right fanatics have no shame but it's the ideology and pathology of ""prosperity Gospel"" that poisoned their minds and hearts."
284,"Transporting #Uyghurs to other parts of #China for industrial slave labour amounts to #humantrafficking  Rather that trying to halt the practice, the CCP encourages it in order to make a profit for itself. 
Human Trafficking Found in Xinjiang Supply Chains
https://blog.assentcompliance.com/index.php/xinjiang-supply-chain-human-trafficking/‚Ä¶"
285,"If you are talking about the very very extreme cases, I have to say that there could be bad people among 1.4 billion Chinese, even if I did not see any solid proof in this report. But I am not sure whether people in Pakistan know this.
Well i think you are trying... twitter.com/AnneDestiny1/s‚Ä¶"
286,"My new oped in 
@ForeignPolicy
 

""I am just perplexed, bewildered, and heartbroken that ...he remains so silent on the biggest human rights travesties of our time ... about which he has not said a word""

#HongKong #Uyghurs #Tibet"
287,"Pope Francis speaks beautifully on human rights‚Äîunless it's about China, Benedict Rogers writes.
https://buff.ly/3o4cpmT"
288,#Uyghurs are treated as product.
289,"#CCPChina catch our kids ! Please sanction China !
CCP spread the virus to the world, suppress freedom of HKers and #Uyghurs , supporting tyranny around the world !
WE MUST #MakeChinaPay"
290,"[HK asylum seekers could be sent to #China's secret courts]

1. Twelve #HKers, all involved in #hkprotests, were detained by #China‚Äôs coast guard today when fleeing to #Taiwan for political asylum. All of them are now detained in #China."
291,"https://bit.ly/2IAFDt9

Crown prince Mohammad bin Salman made a public statement supporting #China‚Äôs treatment of #Uyghurs, who r now also being deported to #China while legally living in
or there on pilgrimage. 
is successfully buying the silence of Mslm majority countries.."
292,"I Will never stop  fighting for #Uyghur rights.
#UyghurGenocide #UyghursLivesMatter #Uyghurs"
293,"@arslan_hidayat
 desires #uyghurs in Xinjiang to be treated with such human rights as they were in Guantanamo Bay."
294,"Uyghur girls, once of a legal age, are pressed by officials to marry Han Chinese men. Refusal can be risky
 https://econ.trib.al/BVkxad3"""
295,Certainly hope that the plight of the #Uyghurs will be raised and their identity and rights be defended.
296,Get well soon ‚Å¶@YasminQureshiMP‚Å© - we need you to be back in ‚Å¶@UKParliament‚Å© fighting for #Uyghur rights. ‚Å¶@AppgUyghurs‚Å©  https://dailymail.co.uk/news/article-8854975/Coronavirus-UK-Labour-MP-Yasmin-Qureshi-hospital-testing-positive-Covid-19.html‚Ä¶
297,"#Erdogan is hiring #Uyghurs to fight in Syria 
 and #Azerbaijan 
 : I would rather have them stay in China..."
298,"On Suga's overseas debut, Japan, Vietnam agree broadly on defence transfer. #Malaysia #Philippines #Vietnam #Japan #Australia #Uyghurs #Taiwan #CzechRepublic #India #Coronavirus #UK #Indonesia #NewZealand #SlovakRepublic #US #SouthKorea"
299,"""The protest marched from 
@VanArtGallery
 to #Chinese consulate office in Vancouver and demonstrators rallied outside the Chinese consulate to take a stand against the Chinese government crackdown against #Uyghurs community and other ethnic groups."""
300,"did you think...?
#islam #Quran  #ProphetMuhammad(PBUH)#Muslim #MuslimTwitter #muslims_are_one #religions #Spirituality #faith #Atheist #SPIRITUAL #PURPOSE #life #Bible #mustread #Palestine #Kashmir #Uyghurs #Azerbaijan #Armenia #peace #Insights #IslamoPhobia_Is_Terrorism"
301,"""#China - Where Is My Family?""

Testimony from #Uyghur Muslim Mamutjan Abdurehim: 

Wife detained since 2017 and possibly sentenced to 5 years

Two children left without parental care for 3 years

No communication whatsoever with family for 3 years

#Uyghurs #UyghurGenocide"
302,"Never again happened again. #Uyghurs are struggling and needs help from all the humanity. #NeverAgain
#ChinaLiedAndPeopleDIED 
@UN
 
@UNHumanRights
 
@UN_Women
 
@amnesty
 
@amnestyusa"
303,"LIVE.  Now.  #Auschwitz: Lessons Never Learned #rohingya #rwanda #tamil #bengali #uyghurs #cambodian #sudan https://facebook.com/watch/?v=1036125170192220‚Ä¶ via 
@FacebookWatch"
304,No mention of #Uyghurs in concentration camps & forced labor. #HumanRights
305,"Very aptly put. Chinese brutalities in #Xinjiang on the #Uyghurs is unspeakable. How can the international bodies like #UNSC #HRW #UNHRC be so deaf as they have been on the Kashmir issue.
Will it take another 70 years as it took to identify #RaidersInkashmir 
@AmjadAyubMirza1"
306,"#Pakistan has bad history in brutalities and terror activities. 

The same kind of brutalities are happening in #Xinjiang and to #Uyghurs
of #China but #Pakistan is silent. Why? 
Too comfortable with minority oppression.

#RaidersInKashmir #UNSC #UNHRC #HRW twitter.com/FaizQureshiUK/‚Ä¶"
307,"Resistance to the erosion of human rights should begin with the #Uyghurs. If liberals say nothing about today‚Äôs single worst violation outside a war zone, how can anyone believe their criticism of other, lesser crimes? #DontBeBlind"
308,"#Pakistan has bad history in brutalities and terror activities. 

The same kind of brutalities are happening in #Xinjiang and to #Uyghurs
of #China but #Pakistan is silent. Why? 
Too comfortable with minority oppression.

#RaidersInKashmir #UNSC #UNHRC #HRW"
309,"First of all , I feel ashamed to belong to a nation state which was founded on such treachery and brutalities. On the behalf of all sane minds in #Pakistan I would like to apologise to the non Muslim communities of #Kashmir who had to face such tortures.(1/3)
@AmjadAyubMirza1"
310,"Thank you from #HongKong 
#Uyghurs"
311,"Alongside 
@JCRC_AJC
 & 
@UyghurProject
, we're delighted to be hosting a webinar this Thursday 22nd Oct on the Jewish response to the ongoing systematic persecution of #Uyghurs in China.
For more info: https://facebook.com/events/664322817551352?acontext=%7B%22action_history%22%3A[%7B%22surface%22%3A%22page%22%2C%22mechanism%22%3A%22page_admin_bar%22%2C%22extra_data%22%3A%22%7B%5C%22page_id%5C%22%3A389574965144%7D%22%7D%2C%7B%22surface%22%3A%22events_admin_tool%22%2C%22mechanism%22%3A%22events_admin_tool%22%2C%22extra_data%22%3A%22[]%22%7D]%2C%22has_source%22%3Atrue%7D‚Ä¶
To register: https://bit.ly/3n7XNCz"
312,Not enough? Here are some declassified documents from prisoner statements. Rushan would have known this information also. They were Uyghur fighters trained by the Taliban with AK-47's.  They were released because they weren't a threat to America. China on the other hand...
313,The persecution of #Xinjiang‚Äôs Muslims is a CRIME against HUMANITY. It is part of worldwide attack on human rights. #Uyghurs
314,"Our Chief Executive, 
@OliviaRMW
, is currently speaking about the treatment of #Uyghurs in China at a webinar held by the All Party Parliamentary Group on Uyghurs. Olivia states how 'The Chinese are attempting to eradicate Uyghur culture and language through re-education camps.'"
315,"Delighted to be speaking at this event online in Cardiff with 
@TomTugendhat
 @nathanlawkc
 @MahmutRahima
 on #China #HongKong #Uyghurs and the fight for freedom "
316,"EVENT ANNOUNCEMENT
For the 2nd installation of our #InConversation! series we‚Äôll be joined by @TomTugendhat, @benedictrogers, @MahmutRahima & @nathanlawkc in a discussion titled ‚ÄòChina & the West - The Fight for Freedom‚Äô.

Get your FREE tickets here!
https://cardiffstudents.com/events/6455/20437/‚Ä¶"
317,"#India along with seven other organizations has organized a protest against #China‚Äôs brutal repression of #Uyghurs

https://panthparchar.com/india-along-with-seven-other-organizations-has-organized-a-protest-against-chinas-brutal-repression-of-uyghurs/‚Ä¶"
318,"When will countries admit UN has lost its function due to the infiltration by CCP, and refuse to declare it's genocide happening to #Uyghurs"
319,#Uyghurs enjoyed their American freedom in Guantanamo Bay because they could not have freedom like it in China.
320,I hope you have to pay the price in front of a human rights tribunal one day for glorifying Guantanamo Bay.
321,"Trafficking #Uyghur kids. Will you still keep your eyes blind and support your government to trade, to cooperate, to kowtow to China and #CCP. Will you still tolerate and buy those made-in-China products, which are manufactured by illegally jailed #Uyghurs and #Tibetans?"
322,Everyone knows CCP is lying.... i feel bad for those girls. They should have happy school life at their age #Uyghurs
323,"#Uyghurs  girls, once of a legal age, are pressed by officials to marry Han Chinese men. Refusal can be risky"
324,"And more countries are welcomed to follow and suspend any extradition agreement with #HongKong as extradition to #HongKong is essentially equivalent to extradition to #CCPChina.

And the world can see how #Uyghurs as different race are treated or tortured in #CCPChina."
325,"No comments. 

#Xinjiang #China #Muslim #Palestine #Afghanistan #Iraq #Libya #Syria #MuslimLivesMatter #Uighur #HumanRights"
326," Looks at what the dictatorship in China does to #Uyghurs #Tibetans #Mongolians, religious minorities, Hong-Kongers & women protesters. #FreeChina #CCPVirus"
327,"So you mean, even Comedians/Song-writers are terrorists, along with professors, Doctors, professional #Uyghurs? What a way to twist truth."
328,"Thank you for raising this concern.
#Uyghurs, Tibetans, #Hongkongers, Thai...
People under dictatorships are suffering from human rights abuse.
We need actions after discussion.
#save12hkyouth 
#StandWithThailand"
329,"#WhatsHappeninglnThailand 
Four More! I can never live upto uWu though!"
330,"@ImranKhanPTI
 @PTIofficial
 @HamidMirPAK
 @Kashifabbasiary
 @KlasraRauf
 @pmln_org
 @husainhaqqani
 @BBhuttoZardari
 Will #Pakistanis speak out against this atrocity being committed by #China against #Uyghurs #Muslims? #PDMJalsa"
331,"New research reveals hundreds of thousands of Uyghur children in #Chinese-ruled Xinjiang region(East Turkistan) have either one or both parents detained.
International magazine, The Economist, unveiled its latest cover, called Torment of the #Uyghurs. #China"
332,"I am very sorry for my language which I am using here : 
@MFA_China
 is 
 ing on this stage and the world is listening to that 
en fixated on that while ignoring plight of #Uyghurs for freedom n liberty! 

#UyghurHolocaust #China_is_terrorist 
#UyghurChildren 
#UyghurGenocide"
333,"Xinjiang-related issues are never about human rights, ethnicity or religion, but combating violence, terrorism&secession. China is the last party to wear the pin of crimes against humanity. Seeing is believing. We always welcome objective&fair-minded foreigners to visit Xinjiang."
334,"Xinjiang and the world ‚Äì The persecution of the Uyghurs is a crime against humanity https://economist.com/leaders/2020/10/17/the-persecution-of-the-uyghurs-is-a-crime-against-humanity‚Ä¶ 
#China #Uyghurs #Economist"
335,#Hundreds march in #Vancouver to protest against #China over atrocities against #Uyghurs
336,"2019-2020 is a big year to warning of totalitarianism leaders, which as this institution won't not apply anymore in future!  resistance and overthrow the tyranny is the theme words of 2019-2020! #Uyghurs, #hongkong, #Belarus and now #tailand, we will take down tyranny soon!"
337,".
@Twitter
 could you please also remove the 'misleading' tweets about the non-existence of #ConcentrationCamps (where millions of #Uyghurs are detained, tortured and killed) by the various #Chinese ambassadors, officials and #CCP apologists all around the world.
@arslan_hidayat"
338,"Twitter has removed a 'misleading' tweet by a top coronavirus adviser to US President Donald Trump 
https://gadgets.ndtv.com/social-networking/news/twitter-trump-covid-19-adviser-tweet-removed-masks-scott-atlas-policy-2312217‚Ä¶"
339,"And CCP claims the girls are happy to marry Han Chinese men, despite they may be much older than them, and not being good to the girls
CCP is doing so to genetically eliminate #Uyghurs"
340,Protect the #Uyghurs
341,"Of the things buried in the news by the Trump presidency, I have to believe China‚Äôs ethnic cleansing of 2 million Uyghur Muslims put in internment camps has to be at the top of the list."
342,"... often hurting the credibility and image of the diaspora community, as Chinese state media can use those unauthentic videos to ""prove"" that accusations made by overseas #Uyghurs are not true."
343,Friends of Canada- India along with other organizations has staged a protest against China's brutal repression of #Uyghurs and for the release of two detained Canadians in China. The protesters marched from  Vancouver Art Gallery to the Chinese consulate office in Vancouver.
344,"Hoping some influential politician could investigate into the matter and if this is true, spread it to the world and act before more #uyghurs suffer from the #UyghurGenocide #ConcentrationCamps #CCPChina  

#FreeUyghur 
#StandwithUyghurs"
345,"Secretary @SecPompeo
Please look at this video. 

2 men were openly discussing price for this little girl!

We can't tolerate this China one minute longer!
@SolomonYue
@CECCgov

@DominicRaab Minister, is this good enough for sanction on the CCP 
 regime! 
@benedictrogers"
346,The #CCP #HumanRightsViolations against the #Uyghurs. #UyghurGenocide
347,"Poster 225 : ""Fenced""
#APosterADay4Uyghurs Day 225
3 million #Uyghurs and other Turkic people are languishing in #China's #ConcentrationCamps. The world should put pressure on China to close all its camps. It is not right to separate innocent children from their parents."
348,"Islamic countries shld unite to boycott the games.

Solidarity with the #Uyghurs people of China.

#UyghurGenocide
#UyghursLivesMatter 
#HumanRightsViolations 
#ChinaLiedAndPeopleDIED"
349,The Olympic Games should never be held in a country that has concentration camps!
350,"Concentration camps, forced labour and abortion, mass surveillance...#Uyghurs in Xinjiang hv been tortured for years under control of #CCP. It's time for the world to look into the issue seriously. 
#StandwithUyghurs #BoycottChineseProducts"
351,"""The evidence of a campaign against the #Uyghurs at home and abroad becomes more shocking with each scouring of the satellite evidence, each leak of official documents and each survivor‚Äôs pitiful account.""
@UyghurProject
 @DutchUyghurHR"
352,They banned it decades ago for #Uyghurs.
353,China bans haj for Muslims who fail patriotism test https://thetimes.co.uk/edition/world/china-bans-haj-for-muslims-who-fail-patriotism-test-pcb9c6dfc?utm_source=HOC+Library+-+Current+awareness+bulletins&utm_campaign=29cf040a4e-Current_Awareness_IADS_14_10_2020&utm_medium=email&utm_term=0_f325cdbfdc-29cf040a4e-103874017&mc_cid=29cf040a4e&mc_eid=f74ab9a9ac‚Ä¶
354,"Its clear you don't know me & you mistaken me for only striving for #Uyghur human rights. I oppose Chinese occupation & I strive for the restoration of #EastTurkistan's independence & ALL of its peoples' (#Uyghurs, #Kazakhs, #Kyrgyz, #Uzbeks, #Tatars & other) freedom."
355,"PARENTLESS HOUSE. Evidence from govt. documents in #Xinjiang shows thousands of #Uyghurs children were left without parents, after the Chinese govt. sent their parents into internment camps, prison and other detention facilities. #Children #HumanRights
 https://rightscorridor.com/thousands-of-uyghur-children-left-parentless-by-chinas-detention-system/‚Ä¶"
356,"Why is Canada ignoring treatment of #Uyghurs,
@JustinTrudeau
? Is it b/c 
@CitImmCanada
 sold 
 residency papers to the creme-de-la-creme of #CCP who are paying 
@liberal_party
 gov leaders into their FUNdations to serve their interests instead of human rights? 
@hrw
 #cdnpoli 
@CPC_HQ"
357,Beijing is going to need a better response than the ‚Äúinternal interference‚Äù argument if China wants to tamp down tensions with the US & increasingly other democracies as well. The treatment of Uighurs & others has become so horrific that Washington simply can‚Äôt ignore it. 5/
358,"#Uyghurs are not the only #Muslim minorities. #China also represses the #Hui in #Ninxia and #Yunnan.

#DigitalDictatorship #Orwellian"
359,"Chinese police target Muslim minorities using digital forensics: researcher 
https://americanmilitarynews.com/2020/10/chinese-police-target-muslim-minorities-using-digital-forensics-researcher/‚Ä¶"
360,"Something I never ever understand from western people.  When shown actual videos of #Uyghurs enjoying themselves posted by actual #Uyghurs living in #Xinjiang, the claim ""STAGED!!""

When shown grainy unverified stories, pictures, and videos, they claim ""#Truth!"""
361,"#China‚Äôs persecution of the #Uyghurs is a crime against humanity. 
@realDonaldTrump
 @ChineseEmbinUS
 #UyghursLivesMatter #CrimesAgainstHumanity #StandWithUyghurs"
362,"No Middle East, no Muslim country, has spoken strongly about the plight of the #Uyghurs (some need China as a counter to Western hostility, e.g. at the UN). No profiles in courage there. 
To their credit, the US 
@StateDept
  and Europeans have repeatedly and strongly spoken."
363,"Gulags of #China: The information they gleaned from children could result in a parent being sent to the government‚Äôs euphemism for a prisoner camp in #Xinjiang‚Äôs new gulag.
Orphaned by the state ‚Äì How Xinjiang‚Äôs gulag tears families apart https://economist.com/china/2020/10/17/how-xinjiangs-gulag-tears-families-apart‚Ä¶"
364,"#China's mass internment of #Uyghurs & other Turkic peoples in #ConcentrationCamps, prisons, & #SlaveLabor camps has torn families apart within & outside #EastTurkistan. At least 500,000 children have been forcibly separated from their families."
365,The same bastards today claim Uyghur genocide in #xinjiang #China?  Where r the mass graves?  Where r the mass fleeing #Uyghurs?  NEVER & NEVER again...
366,"How on earth that is happening openly?! It‚Äôs ashame that #China is a member of 
@UN
 @UNHumanRights
 @unhrcpr
 ! #Uyghurs"
367," (incl 2 comments in 
) 
#MedicalEthics #Uyghurs 
#ChineseCovid19vaccine

#ChineseAmbassador #XuHong: ""#China is taking care of the wellbeing of every person on earth & during the pandemic it is happy to contribute."" 

https://facebook.com/112462576900252/posts/213156066830902/‚Ä¶"
368,"OMG! When it comes a day, which the earth is going 2 blow up, n we human beings n  #China/ #chinese are all flying to #Mars to survive, we as an #Uyghur family, will rather stay on earth n blow up here together than surviving with that creatures(chinese/china) in Mars! #Uyghurs"
369,"China's communists fund Jacinda Ardern's Labour Party: What the United States Congress was told, via @rottenbanana101 @JackMaxey1 @BoycottHegemony @TibetPeople @DongguanBoy @MaajidNawaz @MPIainDS  https://nzherald.co.nz/nz/chinas-communists-fund-jacinda-arderns-labour-party-what-the-united-states-congress-was-told/YLXIFYHTQHUZSJAAUPRGSK6QSQ/‚Ä¶"
370,"#CCP has long been torturing #Uyghurs , people of #EastTurkistan , #Tibet , #HongKong and #Mongolia.
They are now filled with government corruption and #HumanRightsViolations .
#China deserves sanctions. Forced labour and sterilisation cannot be accepted.
#Chinazi
#FreeUyghurs"
371,"#SerikzhanBilash, a Kazakh human rights activist for ethnic Kazakhs and other minorities held in detention camps in #Xinjiang, told the 
@KazakhstanGovt
 has granted asylee status to 2 #Uyghurs fleeing #Chinazi. In other wds, it proves the existence of #ConcentrationCamps in XJ."
372,Erdogan Is Turning #Turkey Into a #Chinese Client State (don‚Äôt mention the #Uyghurs)
373,Tell that to the slave labor #Uyghurs !
374,"@NSC
 NSA Robert C. O‚ÄôBrien is being rather diplomatic and lenient in his characterization of #China‚Äôs vicious treatment of the #Uyghurs in #Xinjiang province."
375,Skaters being interviewed. Let's see how oppressed they are. #Uyghurs #Uighurs  #Xinjiang
376,What they did to #Uyghurs is no difference from what Nazi did to Jews. It is GENOCIDE.
377,"‚Ä¶ (known as the Entity List) on October 9, 2019 due to the use of its technology for human rights abuses against #Uyghurs in #Xinjiang."
378,"We hope this will lead to stronger opposition from #Kyrgyzstan against #China's genocide of #Uyghurs, #Kazakhs, #Kyrgyz & other Turkic peoples in Occupied #EastTurkistan. Kyrgyzstan can play a crucial role in diminishing Chinese influence in #CentralAsia."
379,"Further,no where could be safe to #Uyghurs 

We should fear why #China could be such powerful to infiltrate into everywhere of our world"
380,Then remind me what you‚Äôre doing for #Uyghurs #HongKong #Thailand #Belarus #Ukraine
381,"Thanks to the #CCPVirus, I will only have online meetings with IBMers there, and this time, I am going to place a flag of #Uyghurs behind me for my next meeting, let's see how the ordinary people react 
#CCP_is_terrorist 
#CCPLiedPeopleDied"
382,"In 2020 we still assist to war crimes, unspeakable cruelty & armed conflicts worldwide. The world has learned very little from past conflicts. Sadly, we see countries like Russia sponsoring wars in Syria. China holding #Uyghurs in concentration camps. The world closes their eyes."
383,"Non-issue 
#Uighurs #Uyghurs #UighurGenocide #UyghurGenocide #MoeedYusuf"
384,"Non-issue 
https://theguardian.com/world/2020/oct/16/thousands-of-uighur-children-orphaned-by-chinese-detention-papers-show‚Ä¶
#Uighurs #Uyghurs #UighurGenocide #UyghurGenocide #MoeedYusuf"
385,deploy #MagnitskyAct and #stopbeijing2022 in the name of human rights #Uighurs #Uyghurs etc etc.
386,"Non-Alibaba Non-China suppliers for Amazon Ebay Etsy etc.sellers
@Kuzzat_Altay
 #UyghurGenocide 
#UyghurLivesMatter #Uyghurs 
13+ Websites to Find the non-Chinese Overseas Supplier For Amazon FBA"
387,"Worth reading
#China #Christianity #Islam #Uyghurs #Tibet

https://govinfo.gov/content/pkg/CHRG-115hhrg32308/html/CHRG-115hhrg32308.htm‚Ä¶"
388,"@DcZ2sppUAxLS3nO
Decade old false narratives lies by Western MSM NGOs activists politicians re #Uyghurs genocide holocaust hv died down AS IF that wasn't bad enough NOW Japan pseudo ""scholars"" started making #fakenews Child trade Oh brother Bakayaro Japan

https://twitter.com/manlanghappy/status/1317786710713933826?s=20‚Ä¶"
389,"That‚Äôs why we need to speak up for the #Uyghurs. It‚Äôs not WWII, don‚Äôt let history repeat once again. #SaveUyghur"
390,"Those decade old false narratives lies by Western MSM NGOs activists politicians re #Uyghurs genocide holocaust hv since died down
AS IF that wasn't bad enough NOW Japanese pseudo ""scholars"" started making up #fakenews Child trade
Oh brother! Give me fking break Bakayaro Japan!"
391,"Japanese professor joins world anti-China propaganda by producing a fake video of supposedly ethnic child trafficking in China. Immediately attracts 1000s of likes. Images misappropriated here, sound track stolen elsewhere. Such fake videos of alleged China atrocities abound... twitter.com/YIZHANDENG1001‚Ä¶"
392,"True, their family members are in mortal danger ! 

That is the #Uyghurs nightmare !"
393,"NO mass #Uyghurs refugees & other #Muslim minorities fleeing #China
#CCP holocaust genocide REALLY?

Inside the Beltway: Ipsos poll reveals China is happiest nation on Earth - Washington Times https://washingtontimes.com/news/2020/oct/12/inside-the-beltway-ipsos-poll-reveals-china-is-hap/‚Ä¶"
394,40~60millions some say ~80mils #Muslims mostly various minority ethnics living in entire #China including #Hui #Han #Kazakh #Tajik #Dongxiang #Salar #Bonan muslims ALSO 5mils Mongols & 3 millions more Tibetans BUT NO mass #Uyghurs fleeing refugees WTF cock MSM talking about here?
395,40~60millions some say ~80mils #Muslims mostly of various minority ethnics living in #China including #Hui #Han #Kazakh #Tajik #Dongxiang #Salar #Bonan muslims ALSO 5mils Mongols & 3 millions more Tibetans BUT NO mass #Uyghurs fleeing refugees WTF cock MSM talking about here?
396,"In Xinjiang, a million or more people have been put in camps. Uyghurs who live abroad still fear the Chinese authorities https://econ.trib.al/Guto92o From @1843mag"
397,"If it‚Äôs not genocide, I dunno what is. China must be held accountable for its crimes against humanity on #Uyghurs."
398,There are 40~60millions some say ~80mils #Muslims mostly of various minority ethnics live in entire #China including #Hui #Han #Kazakh #Tajik #Dongxiang #Salar #Bonan muslims ALSO 5mils Mongols & 3 millions more Tibetans BUT NO mass #Uyghurs fleeing refugees. 
399,"They suck Chinese's dick to earn money, but they always hypothetical be high and spot in USA? Be high to educate Americans?
#HunterBiden #Hollywood #Mulan #NBA #BlacksForTrump #CrookedJoeBiden #BidenCrimeFamily #UyghurGenocide #UyghurHolocaust #Uyghurs #Hongkong #Entertainment"
400,"Macron called #Parisbeheading as 'Islamist terrorist attack',this mindset must be changed.

In reality silence of Islamic nations have added to it. Even the silence of #ChineseStooge #Pakistan on issues like #Xinjiang & #Uyghurs of #China has impacted it."
401,"Demos were hypothetical show of Human rights balablabala, in fact, Uyghurs were been genocide by China, it's because they has been engagement and they has rich, Blacks poor, because they has sex of evils with China.
#WTO #BidenCrimeFamily #Election2020 #CrookedJoeBiden #Uyghurs"
402,"This is so sad, #Paris is always in our thoughts and prayers.

But we must think now as human beings about the larger issue. Why can't we come together on #HumanRightsViolations in the world?

Why no nation question #CCPChina's treatment to #Uyghurs? 
@Imamofpeace
#PeaceAndLove"
403,Murdered because he wanted to teach children something. #RIP #parisbeheading
404,"On #Tiktok Many of the #Uyghurs are exposing the brutal crackdown and oppressions against Uyghurs by the #Chinese communist regime by punching on the chest .

#UyghurGenocide 
#CCP
#UyghurLivesMatter 
#uyghurholocaust"
405,"Excellent articles from 
@TheEconomist
 calling out the crimes against humanity against the #Uyghurs. Mass imprisonment in gulags has also been investigated by https://chinatribunal.com and concluded as a likely source of forced organ harvesting 
@DAFOH_org
 @OrganCoalition"
406,They funded #Chechen and #Uyghurs and #Afghans with Saudi Money to push Jihadists against the east ex. Russia and China but when Jihadists attacked western countries they start hating them. They created a monster they can not control.
407,"‚ÄúChechens were armed to the teeth by the West to balkanise Russia after the disintegration of the USSR.‚Äù

‚ÄúThe hypocrites who demand that Muslims apologise for all terrorist acts won‚Äôt demand that the CIA apologise for creating and feeding these monsters.‚Äù https://peoplesreview.in/opinion/2020/10/paris-attack-why-would-muslims-apologise-for-terrorist-acts-across-the-world/amp/‚Ä¶"
408,The Chinese Communist Party has perpetrated atrocities against #HongKong #Uyghurs #Tibet and now #innermongolia . The free world should oversee the CCP behaviour.
409,"It's what the Chinese Communist Party regime has done to #Tibet, #Uyghurs and #HongKong - now they're doing it to #innermongolia

It's time to stop this cruel criminal regime's brutal rampages"
410,"""[A]s we report in this week (...), the evidence of a campaign against the #Uyghurs at home and abroad becomes more shocking with each scouring of the satellite evidence, each leak of official documents and each survivor‚Äôs pitiful account."" #China"
411,"India to build home-grown supercomputers, from the motherboards up. #Malaysia #Philippines #Vietnam #Japan #Australia #Uyghurs #Taiwan #CzechRepublic #India #Coronavirus #UK #Indonesia #NewZealand #SlovakRepublic #US #SouthKorea"
412,Perhaps Australia govt also need to ensure #Uyghurs are safe to live in Australia
413,"Govts and consumers have the responsibility to promote a slave free environment, sanctioning CCP officials, punishing companies for using #Uyghurs slaves, and stop buying slave made products"
414,"#China - #Xinjiang & The World - The persecution of the #Uyghurs is a #crime against #humanity. 

‚Å¶
@TheEconomist
‚Å© ‚Å¶
@SecPompeo
‚Å© ‚Å¶
@UN
‚Å© ‚Å¶
@UNHumanRights
‚Å© ‚Å¶
@OHCHR_Pacific
‚Å©  
@Jkylebass
‚Å© ‚Å¶
@robert_spalding
‚Å© #US #HumanRights"
415,I agree! #Uyghurs are the victims of peoples desire for #chinese money!
416,"‚ÄùSomething close to a #Genocide‚Äù, what does it mean? Why so many people are chewing their tongues around over what is happening to #Uyghurs which is exactly at least a #UyghurGenocide /#UyghurHolocaust!"
417,"The U.S. national security adviser said on Friday that China was perpetrating ‚Äúsomething close to‚Äù a genocide with its treatment of Muslims in its Xinjiang region.

https://theglobeandmail.com/world/article-us-national-security-adviser-says-china-is-perpetrating-something/‚Ä¶"
418,"Construction work of 20 residential buildings completed in Axili, #Xinjiang
#China #Uyghurs #PovertyRelief

http://xinhuanet.com/english/2020-10/18/c_139448233_9.htm‚Ä¶"
419,30 Photos Taken In Dubai That Will Destroy Your Stereotypes
420,"Brands should be held responsible for excluding #Uyghurs forced labor from their supply chain. 
@Apple
 @FILAUSA
 @VictoriasSecret
      https://business-humanrights.org/en/latest-news/china-83-major-brands-implicated-in-report-on-forced-labour-of-ethnic-minorities-from-xinjiang-assigned-to-factories-across-provinces-includes-company-responses/‚Ä¶"
421,"I hope China‚Äôs inclusion in the UN Human Rights Council means more accountability, not more influence of their views on human freedom. The Uyghurs plight is real. #Uyghurs #China 
@TheEconomist"
422,"@RTErdogan
 @HHShkMohd
 We had high hopes on you, atleast I had, but your silence on #UyghurGenocide only speaks abt ur ignorance on protecting Muslims and other minorities as an 'Islamic Protector' which you claim to be. Please help #Uyghurs"
423,China 4 days ago won a seat on the #UN #HumanRightsCouncil. #ChineseLaw is what the party says it is? #Huawei #Uyghurs #EU #USA #PLA
424,"He is as disgusting as Carrie Lam, do find it hard to even look at their faces even with a mask 
 #FreedomIsNotFree 
#StandWithHongKong #save12hkyouths #StandWithThai #Mongolia #Tibet #Uyghurs #TamTakChi 
 #PoliceBrutality "
425,"Thats to bad, there‚Äôs a sale 
@Nike
 just lost for being an Anti-American Corporation that supports #Uyghurs slave labor, Marxism and #CCP China over America!"
426,"Regardless where we were, we are NEVER #Chinese!!

As I always tell others, I‚Äôm not Chinese, but #China issues my passport,only because it occupied it

It will change,we will change it!!

#Uyghurs are from #EastTurkistan!!!"
427,"Chinese‚Äù refers to all the people who hold Chinese ID card or passport, no matter of the look, ethnicity or religion‚Ä¶ So the uyghurs who have Chinese passport are Chinese, who have American passport are American, who have Turkish passport are Turkish‚Ä¶ We are living in .... twitter.com/AnneDestiny1/s‚Ä¶"
428,"the USA and all democracies worldwide. I see the same obsessive attention among not only Tibetans,but #Uyghurs #HongKongers and Thailand. We all understand what it is NOT to have basic human rights. Americans are too complacent. Freedom should be cherished. It‚Äôs too easy to lose!"
429,"The sad thing mid-East is taking out its dissatisfaction toward West by selling Uyghurs to #China, while West is hesitating weather or not to help #Uyghurs because we share the same religion with mid-East ... 

What a messed up world this is ..."
430,"#Palestine #PalestineMuslims #Iraq #Syria #Syrian #Yemen #Afghanistan #India #IndianMuslim #Kashmir #KashmiriMuslims #Burma #RohingyaMuslims #EastTurkistan #Uyghurs #Uyghurmuslims #Lebanon #Libya #Sudan #SaudiArabia #UAE #Turkey #Azerbaijan
No.12
Solution of #Muslims Degradation"
431,"The Prophet of Allah Almighty and his companions did not fight to achieve the country and to increase the borders, and did not do jihaad for it. They did the jihaad only to spread true natural religion Islam of the real God Allah Almighty, they did for guidance of people,
Cont."
432,"@JoeBiden
 and 
@KamalaHarris
 please look at his face, read his story. You guys hail yourselves as freedom, democracy and human rights fighters. I haven‚Äôt heard you guys said a word about the #Uyghurs and #Xinjiang issues."
433,Four #Uyghurs Facing Persecution After Deportation by #SaudiArabia to #China
434,".
@MamutjanAB
 asks: When will you free my wife and kids? 

.
@SpokespersonCHN
 replies: No signal. Please stand by

#Xinjiang #Uyghurs"
435,"My two children Muhlise and Hikmet are among those left without parents in Kashgar, sadly. Their mother Muherrem Ablet has been in detention since 2017 and I have been deprived of communication with them for the past 3.5 years. 
https://theguardian.com/world/2020/oct/16/thousands-of-uighur-children-orphaned-by-chinese-detention-papers-show?CMP=share_btn_tw‚Ä¶"
436,"#BeijingBiden is hypothetical ! 
 He always speak of #HumanRights
 and #Freedom on the stage, but he turn his blind eyes on cultural genocides facing by #Uyghurs in #Xinjiang, and brutal oppressions facing by #Hongkongers , when he is having secret deal with #CCPChina"
437,"Because it is not for #HongKongers or #Uyghurs only,but also Canadians

All of us in fact could be threatened by #China"
438,Check out leia's video! #TikTok #Uyghurs
439,"Yes, ƒ∞t is genocide against #Uyghurs 
Stop #UyghurGenocide

https://theglobeandmail.com/amp/world/article-us-national-security-adviser-says-china-is-perpetrating-something/‚Ä¶"
440,Chinese detention 'leaving thousands of Uighur children without parents' https://theguardian.com/world/2020/oct/16/thousands-of-uighur-children-orphaned-by-chinese-detention-papers-show‚Ä¶ #China #Xinjiang #Uyghur #Uighurs #Uyghurs
441,Peace and liberty for #Uyhgur ! #FreeUyghur #PrayForUyghur #SaveUyghur #SOSUyghur #StandWithUyghur #„Ç¶„Ç§„Ç∞„É´
442,Chinese records refer to Uyghur children who have one or both parents interned in a camp as dankun (‚Äúsingle-hardship‚Äù) or shuangkun (‚Äúdouble-hardship‚Äù) https://econ.trib.al/3N0zrhp
443,So called muslim government-#SaudiArabia has deported #Uyghurs to be killed.
444,"Yes when we help the #Uyghurs and #Tibetan minorities, don‚Äôt forget that more than a billion of Chinese people are also under the tyranny of the #CCPChina."
445,"Powerful piece by @SarahOwen_. When we criticise the Chinese govt we do so in solidarity with the Chinese people, & we‚Äôll always stand up for persecuted minorities such as the Uyghur.

Labour has a deep & long-standing relationship with the Chinese people, & will fight Sinophobia twitter.com/LabourList/sta‚Ä¶"
446,help #Uyghurs #MuslimLivesMatter
447,"#Uighur children orphaned by 
       #Chinese detention

""Orphaned by the state ‚ÄìHow #Xinjiang 's gulag tears families apart""
#EastTurkestan #Uyghurs #EU
 #IndoPacific #UyghurLivesMatter"
448,"#MAGA #MakeAmericaGreatAgain 
President Trump already on fourth gear.
#ChinaLiedPeopleDied  #UighurGenocide #Uyghurs #BlacksForTrump #fentanyl #WuhanVirus #wuhanlab #hypocrisy #XINN #chinavirus #unrestrictedWar #HunterBiden #BidenCrimeFamily #ChinaJoe #Uighurs #CROOKEDJOE"
449,#VoteYourHeartForBiden because u hate #Uyghurs and u love slave labor.
450,"If you missed the 
@ihmec
 presentation ""History Repeating: The Forced Labor and Genocide of the #Uyghurs"", with 
@rushanabbas
 & camp survivor Zumret Dawut, you can view it here: 
https://youtu.be/ye7BZ_lY3gM via 
@YouTube"
451,#STOP #Genocide Towards the #Uyghurs
